speaker_id,file1,file2,similarity
S0764,/mnt/Internal/ASR/./aishell/data_aishell/wav/test/S0764/BAC009S0764W0443.wav,/mnt/Internal/ASR/./aishell/data_aishell/wav/test/S0764/BAC009S0764W0447.wav,0.8319798058709681
S0764,/mnt/Internal/ASR/./aishell/data_aishell/wav/test/S0764/BAC009S0764W0194.wav,/mnt/Internal/ASR/./aishell/data_aishell/wav/test/S0764/BAC009S0764W0200.wav,0.7272977039218393
S0764,/mnt/Internal/ASR/./aishell/data_aishell/wav/test/S0764/BAC009S0764W0231.wav,/mnt/Internal/ASR/./aishell/data_aishell/wav/test/S0764/BAC009S0764W0439.wav,0.7624596919933044
S0764,/mnt/Internal/ASR/./aishell/data_aishell/wav/test/S0764/BAC009S0764W0168.wav,/mnt/Internal/ASR/./aishell/data_aishell/wav/test/S0764/BAC009S0764W0191.wav,0.8756829960069018
S0764,/mnt/Internal/ASR/./aishell/data_aishell/wav/test/S0764/BAC009S0764W0148.wav,/mnt/Internal/ASR/./aishell/data_aishell/wav/test/S0764/BAC009S0764W0198.wav,0.8271903755415065
S0764,/mnt/Internal/ASR/./aishell/data_aishell/wav/test/S0764/BAC009S0764W0180.wav,/mnt/Internal/ASR/./aishell/data_aishell/wav/test/S0764/BAC009S0764W0221.wav,0.8239070119659346
S0764,/mnt/Internal/ASR/./aishell/data_aishell/wav/test/S0764/BAC009S0764W0438.wav,/mnt/Internal/ASR/./aishell/data_aishell/wav/test/S0764/BAC009S0764W0154.wav,0.8324032234050176
S0764,/mnt/Internal/ASR/./aishell/data_aishell/wav/test/S0764/BAC009S0764W0163.wav,/mnt/Internal/ASR/./aishell/data_aishell/wav/test/S0764/BAC009S0764W0176.wav,0.8459992210342638
S0764,/mnt/Internal/ASR/./aishell/data_aishell/wav/test/S0764/BAC009S0764W0183.wav,/mnt/Internal/ASR/./aishell/data_aishell/wav/test/S0764/BAC009S0764W0216.wav,0.8126748010360639
S0764,/mnt/Internal/ASR/./aishell/data_aishell/wav/test/S0764/BAC009S0764W0485.wav,/mnt/Internal/ASR/./aishell/data_aishell/wav/test/S0764/BAC009S0764W0220.wav,0.8543897776507732
S0764,/mnt/Internal/ASR/./aishell/data_aishell/wav/test/S0764/BAC009S0764W0227.wav,/mnt/Internal/ASR/./aishell/data_aishell/wav/test/S0764/BAC009S0764W0226.wav,0.7700598915583019
S0764,/mnt/Internal/ASR/./aishell/data_aishell/wav/test/S0764/BAC009S0764W0141.wav,/mnt/Internal/ASR/./aishell/data_aishell/wav/test/S0764/BAC009S0764W0220.wav,0.7608652623844633
S0764,/mnt/Internal/ASR/./aishell/data_aishell/wav/test/S0764/BAC009S0764W0207.wav,/mnt/Internal/ASR/./aishell/data_aishell/wav/test/S0764/BAC009S0764W0153.wav,0.8697964225651564
S0764,/mnt/Internal/ASR/./aishell/data_aishell/wav/test/S0764/BAC009S0764W0204.wav,/mnt/Internal/ASR/./aishell/data_aishell/wav/test/S0764/BAC009S0764W0494.wav,0.7969420656727749
S0764,/mnt/Internal/ASR/./aishell/data_aishell/wav/test/S0764/BAC009S0764W0166.wav,/mnt/Internal/ASR/./aishell/data_aishell/wav/test/S0764/BAC009S0764W0174.wav,0.7314698309569301
S0764,/mnt/Internal/ASR/./aishell/data_aishell/wav/test/S0764/BAC009S0764W0204.wav,/mnt/Internal/ASR/./aishell/data_aishell/wav/test/S0764/BAC009S0764W0485.wav,0.8357423334608227
S0764,/mnt/Internal/ASR/./aishell/data_aishell/wav/test/S0764/BAC009S0764W0145.wav,/mnt/Internal/ASR/./aishell/data_aishell/wav/test/S0764/BAC009S0764W0162.wav,0.8816992130983612
S0764,/mnt/Internal/ASR/./aishell/data_aishell/wav/test/S0764/BAC009S0764W0146.wav,/mnt/Internal/ASR/./aishell/data_aishell/wav/test/S0764/BAC009S0764W0186.wav,0.8316597809886498
S0764,/mnt/Internal/ASR/./aishell/data_aishell/wav/test/S0764/BAC009S0764W0152.wav,/mnt/Internal/ASR/./aishell/data_aishell/wav/test/S0764/BAC009S0764W0348.wav,0.8166002809393801
S0764,/mnt/Internal/ASR/./aishell/data_aishell/wav/test/S0764/BAC009S0764W0212.wav,/mnt/Internal/ASR/./aishell/data_aishell/wav/test/S0764/BAC009S0764W0173.wav,0.8348540774387767
S0907,/mnt/Internal/ASR/./aishell/data_aishell/wav/test/S0907/BAC009S0907W0374.wav,/mnt/Internal/ASR/./aishell/data_aishell/wav/test/S0907/BAC009S0907W0138.wav,0.810884527892097
S0907,/mnt/Internal/ASR/./aishell/data_aishell/wav/test/S0907/BAC009S0907W0326.wav,/mnt/Internal/ASR/./aishell/data_aishell/wav/test/S0907/BAC009S0907W0361.wav,0.7991900056627194
S0907,/mnt/Internal/ASR/./aishell/data_aishell/wav/test/S0907/BAC009S0907W0380.wav,/mnt/Internal/ASR/./aishell/data_aishell/wav/test/S0907/BAC009S0907W0325.wav,0.8311760333700843
S0907,/mnt/Internal/ASR/./aishell/data_aishell/wav/test/S0907/BAC009S0907W0346.wav,/mnt/Internal/ASR/./aishell/data_aishell/wav/test/S0907/BAC009S0907W0366.wav,0.8381562759658385
S0907,/mnt/Internal/ASR/./aishell/data_aishell/wav/test/S0907/BAC009S0907W0366.wav,/mnt/Internal/ASR/./aishell/data_aishell/wav/test/S0907/BAC009S0907W0259.wav,0.8148037802662507
S0907,/mnt/Internal/ASR/./aishell/data_aishell/wav/test/S0907/BAC009S0907W0319.wav,/mnt/Internal/ASR/./aishell/data_aishell/wav/test/S0907/BAC009S0907W0328.wav,0.8373502683659393
S0907,/mnt/Internal/ASR/./aishell/data_aishell/wav/test/S0907/BAC009S0907W0261.wav,/mnt/Internal/ASR/./aishell/data_aishell/wav/test/S0907/BAC009S0907W0130.wav,0.8117411012759181
S0907,/mnt/Internal/ASR/./aishell/data_aishell/wav/test/S0907/BAC009S0907W0380.wav,/mnt/Internal/ASR/./aishell/data_aishell/wav/test/S0907/BAC009S0907W0265.wav,0.8400838251349368
S0907,/mnt/Internal/ASR/./aishell/data_aishell/wav/test/S0907/BAC009S0907W0362.wav,/mnt/Internal/ASR/./aishell/data_aishell/wav/test/S0907/BAC009S0907W0272.wav,0.8509607057343724
S0907,/mnt/Internal/ASR/./aishell/data_aishell/wav/test/S0907/BAC009S0907W0315.wav,/mnt/Internal/ASR/./aishell/data_aishell/wav/test/S0907/BAC009S0907W0131.wav,0.7743607456816228
S0907,/mnt/Internal/ASR/./aishell/data_aishell/wav/test/S0907/BAC009S0907W0326.wav,/mnt/Internal/ASR/./aishell/data_aishell/wav/test/S0907/BAC009S0907W0130.wav,0.7112137467002271
S0907,/mnt/Internal/ASR/./aishell/data_aishell/wav/test/S0907/BAC009S0907W0309.wav,/mnt/Internal/ASR/./aishell/data_aishell/wav/test/S0907/BAC009S0907W0259.wav,0.7998260378470254
S0907,/mnt/Internal/ASR/./aishell/data_aishell/wav/test/S0907/BAC009S0907W0264.wav,/mnt/Internal/ASR/./aishell/data_aishell/wav/test/S0907/BAC009S0907W0280.wav,0.8919355278243662
S0907,/mnt/Internal/ASR/./aishell/data_aishell/wav/test/S0907/BAC009S0907W0327.wav,/mnt/Internal/ASR/./aishell/data_aishell/wav/test/S0907/BAC009S0907W0122.wav,0.7382207154494438
S0907,/mnt/Internal/ASR/./aishell/data_aishell/wav/test/S0907/BAC009S0907W0277.wav,/mnt/Internal/ASR/./aishell/data_aishell/wav/test/S0907/BAC009S0907W0274.wav,0.8716398806835549
S0907,/mnt/Internal/ASR/./aishell/data_aishell/wav/test/S0907/BAC009S0907W0312.wav,/mnt/Internal/ASR/./aishell/data_aishell/wav/test/S0907/BAC009S0907W0130.wav,0.7829713607006067
S0907,/mnt/Internal/ASR/./aishell/data_aishell/wav/test/S0907/BAC009S0907W0302.wav,/mnt/Internal/ASR/./aishell/data_aishell/wav/test/S0907/BAC009S0907W0291.wav,0.813874834441585
S0907,/mnt/Internal/ASR/./aishell/data_aishell/wav/test/S0907/BAC009S0907W0318.wav,/mnt/Internal/ASR/./aishell/data_aishell/wav/test/S0907/BAC009S0907W0356.wav,0.9101934715913096
S0907,/mnt/Internal/ASR/./aishell/data_aishell/wav/test/S0907/BAC009S0907W0265.wav,/mnt/Internal/ASR/./aishell/data_aishell/wav/test/S0907/BAC009S0907W0250.wav,0.8286870478481694
S0907,/mnt/Internal/ASR/./aishell/data_aishell/wav/test/S0907/BAC009S0907W0321.wav,/mnt/Internal/ASR/./aishell/data_aishell/wav/test/S0907/BAC009S0907W0309.wav,0.7993986464808495
S0903,/mnt/Internal/ASR/./aishell/data_aishell/wav/test/S0903/BAC009S0903W0306.wav,/mnt/Internal/ASR/./aishell/data_aishell/wav/test/S0903/BAC009S0903W0154.wav,0.8190013060996315
S0903,/mnt/Internal/ASR/./aishell/data_aishell/wav/test/S0903/BAC009S0903W0495.wav,/mnt/Internal/ASR/./aishell/data_aishell/wav/test/S0903/BAC009S0903W0462.wav,0.871656914137193
S0903,/mnt/Internal/ASR/./aishell/data_aishell/wav/test/S0903/BAC009S0903W0318.wav,/mnt/Internal/ASR/./aishell/data_aishell/wav/test/S0903/BAC009S0903W0140.wav,0.7950385943279025
S0903,/mnt/Internal/ASR/./aishell/data_aishell/wav/test/S0903/BAC009S0903W0138.wav,/mnt/Internal/ASR/./aishell/data_aishell/wav/test/S0903/BAC009S0903W0478.wav,0.7122784489449075
S0903,/mnt/Internal/ASR/./aishell/data_aishell/wav/test/S0903/BAC009S0903W0169.wav,/mnt/Internal/ASR/./aishell/data_aishell/wav/test/S0903/BAC009S0903W0341.wav,0.7988915443513029
S0903,/mnt/Internal/ASR/./aishell/data_aishell/wav/test/S0903/BAC009S0903W0143.wav,/mnt/Internal/ASR/./aishell/data_aishell/wav/test/S0903/BAC009S0903W0454.wav,0.8144733685258342
S0903,/mnt/Internal/ASR/./aishell/data_aishell/wav/test/S0903/BAC009S0903W0170.wav,/mnt/Internal/ASR/./aishell/data_aishell/wav/test/S0903/BAC009S0903W0452.wav,0.8145958363201943
S0903,/mnt/Internal/ASR/./aishell/data_aishell/wav/test/S0903/BAC009S0903W0145.wav,/mnt/Internal/ASR/./aishell/data_aishell/wav/test/S0903/BAC009S0903W0165.wav,0.8600868553767645
S0903,/mnt/Internal/ASR/./aishell/data_aishell/wav/test/S0903/BAC009S0903W0305.wav,/mnt/Internal/ASR/./aishell/data_aishell/wav/test/S0903/BAC009S0903W0165.wav,0.766373186780787
S0903,/mnt/Internal/ASR/./aishell/data_aishell/wav/test/S0903/BAC009S0903W0454.wav,/mnt/Internal/ASR/./aishell/data_aishell/wav/test/S0903/BAC009S0903W0474.wav,0.8458032028303262
S0903,/mnt/Internal/ASR/./aishell/data_aishell/wav/test/S0903/BAC009S0903W0153.wav,/mnt/Internal/ASR/./aishell/data_aishell/wav/test/S0903/BAC009S0903W0159.wav,0.893059029986322
S0903,/mnt/Internal/ASR/./aishell/data_aishell/wav/test/S0903/BAC009S0903W0143.wav,/mnt/Internal/ASR/./aishell/data_aishell/wav/test/S0903/BAC009S0903W0171.wav,0.7981536694182118
S0903,/mnt/Internal/ASR/./aishell/data_aishell/wav/test/S0903/BAC009S0903W0136.wav,/mnt/Internal/ASR/./aishell/data_aishell/wav/test/S0903/BAC009S0903W0155.wav,0.8961395881634734
S0903,/mnt/Internal/ASR/./aishell/data_aishell/wav/test/S0903/BAC009S0903W0467.wav,/mnt/Internal/ASR/./aishell/data_aishell/wav/test/S0903/BAC009S0903W0469.wav,0.8756541069343349
S0903,/mnt/Internal/ASR/./aishell/data_aishell/wav/test/S0903/BAC009S0903W0158.wav,/mnt/Internal/ASR/./aishell/data_aishell/wav/test/S0903/BAC009S0903W0469.wav,0.7163720678419113
S0903,/mnt/Internal/ASR/./aishell/data_aishell/wav/test/S0903/BAC009S0903W0142.wav,/mnt/Internal/ASR/./aishell/data_aishell/wav/test/S0903/BAC009S0903W0307.wav,0.8132476936471348
S0903,/mnt/Internal/ASR/./aishell/data_aishell/wav/test/S0903/BAC009S0903W0144.wav,/mnt/Internal/ASR/./aishell/data_aishell/wav/test/S0903/BAC009S0903W0344.wav,0.799158827301883
S0903,/mnt/Internal/ASR/./aishell/data_aishell/wav/test/S0903/BAC009S0903W0170.wav,/mnt/Internal/ASR/./aishell/data_aishell/wav/test/S0903/BAC009S0903W0127.wav,0.7779356733914641
S0903,/mnt/Internal/ASR/./aishell/data_aishell/wav/test/S0903/BAC009S0903W0156.wav,/mnt/Internal/ASR/./aishell/data_aishell/wav/test/S0903/BAC009S0903W0339.wav,0.7306745134246604
S0903,/mnt/Internal/ASR/./aishell/data_aishell/wav/test/S0903/BAC009S0903W0138.wav,/mnt/Internal/ASR/./aishell/data_aishell/wav/test/S0903/BAC009S0903W0179.wav,0.8102469538092733
S0905,/mnt/Internal/ASR/./aishell/data_aishell/wav/test/S0905/BAC009S0905W0332.wav,/mnt/Internal/ASR/./aishell/data_aishell/wav/test/S0905/BAC009S0905W0316.wav,0.8659544392932585
S0905,/mnt/Internal/ASR/./aishell/data_aishell/wav/test/S0905/BAC009S0905W0273.wav,/mnt/Internal/ASR/./aishell/data_aishell/wav/test/S0905/BAC009S0905W0268.wav,0.8552130734999357
S0905,/mnt/Internal/ASR/./aishell/data_aishell/wav/test/S0905/BAC009S0905W0310.wav,/mnt/Internal/ASR/./aishell/data_aishell/wav/test/S0905/BAC009S0905W0279.wav,0.8688433978810902
S0905,/mnt/Internal/ASR/./aishell/data_aishell/wav/test/S0905/BAC009S0905W0244.wav,/mnt/Internal/ASR/./aishell/data_aishell/wav/test/S0905/BAC009S0905W0282.wav,0.8356125781487209
S0905,/mnt/Internal/ASR/./aishell/data_aishell/wav/test/S0905/BAC009S0905W0334.wav,/mnt/Internal/ASR/./aishell/data_aishell/wav/test/S0905/BAC009S0905W0144.wav,0.7925411709409049
S0905,/mnt/Internal/ASR/./aishell/data_aishell/wav/test/S0905/BAC009S0905W0312.wav,/mnt/Internal/ASR/./aishell/data_aishell/wav/test/S0905/BAC009S0905W0434.wav,0.791819033607688
S0905,/mnt/Internal/ASR/./aishell/data_aishell/wav/test/S0905/BAC009S0905W0270.wav,/mnt/Internal/ASR/./aishell/data_aishell/wav/test/S0905/BAC009S0905W0308.wav,0.8630685084891658
S0905,/mnt/Internal/ASR/./aishell/data_aishell/wav/test/S0905/BAC009S0905W0215.wav,/mnt/Internal/ASR/./aishell/data_aishell/wav/test/S0905/BAC009S0905W0304.wav,0.8156517899455914
S0905,/mnt/Internal/ASR/./aishell/data_aishell/wav/test/S0905/BAC009S0905W0152.wav,/mnt/Internal/ASR/./aishell/data_aishell/wav/test/S0905/BAC009S0905W0143.wav,0.7734693605094223
S0905,/mnt/Internal/ASR/./aishell/data_aishell/wav/test/S0905/BAC009S0905W0292.wav,/mnt/Internal/ASR/./aishell/data_aishell/wav/test/S0905/BAC009S0905W0289.wav,0.8842169671517822
S0905,/mnt/Internal/ASR/./aishell/data_aishell/wav/test/S0905/BAC009S0905W0312.wav,/mnt/Internal/ASR/./aishell/data_aishell/wav/test/S0905/BAC009S0905W0289.wav,0.8131268418314154
S0905,/mnt/Internal/ASR/./aishell/data_aishell/wav/test/S0905/BAC009S0905W0125.wav,/mnt/Internal/ASR/./aishell/data_aishell/wav/test/S0905/BAC009S0905W0434.wav,0.7960074132851837
S0905,/mnt/Internal/ASR/./aishell/data_aishell/wav/test/S0905/BAC009S0905W0244.wav,/mnt/Internal/ASR/./aishell/data_aishell/wav/test/S0905/BAC009S0905W0136.wav,0.869904378371149
S0905,/mnt/Internal/ASR/./aishell/data_aishell/wav/test/S0905/BAC009S0905W0316.wav,/mnt/Internal/ASR/./aishell/data_aishell/wav/test/S0905/BAC009S0905W0310.wav,0.7582056631847822
S0905,/mnt/Internal/ASR/./aishell/data_aishell/wav/test/S0905/BAC009S0905W0249.wav,/mnt/Internal/ASR/./aishell/data_aishell/wav/test/S0905/BAC009S0905W0308.wav,0.8456799135371488
S0905,/mnt/Internal/ASR/./aishell/data_aishell/wav/test/S0905/BAC009S0905W0144.wav,/mnt/Internal/ASR/./aishell/data_aishell/wav/test/S0905/BAC009S0905W0336.wav,0.7836279520664797
S0905,/mnt/Internal/ASR/./aishell/data_aishell/wav/test/S0905/BAC009S0905W0257.wav,/mnt/Internal/ASR/./aishell/data_aishell/wav/test/S0905/BAC009S0905W0280.wav,0.8667701972033318
S0905,/mnt/Internal/ASR/./aishell/data_aishell/wav/test/S0905/BAC009S0905W0261.wav,/mnt/Internal/ASR/./aishell/data_aishell/wav/test/S0905/BAC009S0905W0297.wav,0.8712698371950499
S0905,/mnt/Internal/ASR/./aishell/data_aishell/wav/test/S0905/BAC009S0905W0159.wav,/mnt/Internal/ASR/./aishell/data_aishell/wav/test/S0905/BAC009S0905W0290.wav,0.8723553812964309
S0905,/mnt/Internal/ASR/./aishell/data_aishell/wav/test/S0905/BAC009S0905W0148.wav,/mnt/Internal/ASR/./aishell/data_aishell/wav/test/S0905/BAC009S0905W0139.wav,0.9075366357690342
S0904,/mnt/Internal/ASR/./aishell/data_aishell/wav/test/S0904/BAC009S0904W0269.wav,/mnt/Internal/ASR/./aishell/data_aishell/wav/test/S0904/BAC009S0904W0157.wav,0.7769307030544875
S0904,/mnt/Internal/ASR/./aishell/data_aishell/wav/test/S0904/BAC009S0904W0475.wav,/mnt/Internal/ASR/./aishell/data_aishell/wav/test/S0904/BAC009S0904W0168.wav,0.7199178860132244
S0904,/mnt/Internal/ASR/./aishell/data_aishell/wav/test/S0904/BAC009S0904W0481.wav,/mnt/Internal/ASR/./aishell/data_aishell/wav/test/S0904/BAC009S0904W0274.wav,0.8265610917000793
S0904,/mnt/Internal/ASR/./aishell/data_aishell/wav/test/S0904/BAC009S0904W0475.wav,/mnt/Internal/ASR/./aishell/data_aishell/wav/test/S0904/BAC009S0904W0169.wav,0.8072334508649006
S0904,/mnt/Internal/ASR/./aishell/data_aishell/wav/test/S0904/BAC009S0904W0135.wav,/mnt/Internal/ASR/./aishell/data_aishell/wav/test/S0904/BAC009S0904W0176.wav,0.8240688789678874
S0904,/mnt/Internal/ASR/./aishell/data_aishell/wav/test/S0904/BAC009S0904W0273.wav,/mnt/Internal/ASR/./aishell/data_aishell/wav/test/S0904/BAC009S0904W0154.wav,0.8054297582317557
S0904,/mnt/Internal/ASR/./aishell/data_aishell/wav/test/S0904/BAC009S0904W0146.wav,/mnt/Internal/ASR/./aishell/data_aishell/wav/test/S0904/BAC009S0904W0161.wav,0.7635546150639417
S0904,/mnt/Internal/ASR/./aishell/data_aishell/wav/test/S0904/BAC009S0904W0132.wav,/mnt/Internal/ASR/./aishell/data_aishell/wav/test/S0904/BAC009S0904W0163.wav,0.7208457987315813
S0904,/mnt/Internal/ASR/./aishell/data_aishell/wav/test/S0904/BAC009S0904W0129.wav,/mnt/Internal/ASR/./aishell/data_aishell/wav/test/S0904/BAC009S0904W0182.wav,0.8519158647643895
S0904,/mnt/Internal/ASR/./aishell/data_aishell/wav/test/S0904/BAC009S0904W0470.wav,/mnt/Internal/ASR/./aishell/data_aishell/wav/test/S0904/BAC009S0904W0137.wav,0.6876398834577104
S0904,/mnt/Internal/ASR/./aishell/data_aishell/wav/test/S0904/BAC009S0904W0467.wav,/mnt/Internal/ASR/./aishell/data_aishell/wav/test/S0904/BAC009S0904W0463.wav,0.8966182553446704
S0904,/mnt/Internal/ASR/./aishell/data_aishell/wav/test/S0904/BAC009S0904W0134.wav,/mnt/Internal/ASR/./aishell/data_aishell/wav/test/S0904/BAC009S0904W0270.wav,0.772420537240345
S0904,/mnt/Internal/ASR/./aishell/data_aishell/wav/test/S0904/BAC009S0904W0130.wav,/mnt/Internal/ASR/./aishell/data_aishell/wav/test/S0904/BAC009S0904W0141.wav,0.7834656959337162
S0904,/mnt/Internal/ASR/./aishell/data_aishell/wav/test/S0904/BAC009S0904W0189.wav,/mnt/Internal/ASR/./aishell/data_aishell/wav/test/S0904/BAC009S0904W0179.wav,0.8338923656181468
S0904,/mnt/Internal/ASR/./aishell/data_aishell/wav/test/S0904/BAC009S0904W0125.wav,/mnt/Internal/ASR/./aishell/data_aishell/wav/test/S0904/BAC009S0904W0121.wav,0.8000180092832215
S0904,/mnt/Internal/ASR/./aishell/data_aishell/wav/test/S0904/BAC009S0904W0124.wav,/mnt/Internal/ASR/./aishell/data_aishell/wav/test/S0904/BAC009S0904W0175.wav,0.7156523913073745
S0904,/mnt/Internal/ASR/./aishell/data_aishell/wav/test/S0904/BAC009S0904W0270.wav,/mnt/Internal/ASR/./aishell/data_aishell/wav/test/S0904/BAC009S0904W0488.wav,0.699492638692579
S0904,/mnt/Internal/ASR/./aishell/data_aishell/wav/test/S0904/BAC009S0904W0190.wav,/mnt/Internal/ASR/./aishell/data_aishell/wav/test/S0904/BAC009S0904W0159.wav,0.8515910244897298
S0904,/mnt/Internal/ASR/./aishell/data_aishell/wav/test/S0904/BAC009S0904W0276.wav,/mnt/Internal/ASR/./aishell/data_aishell/wav/test/S0904/BAC009S0904W0169.wav,0.7696129472407444
S0904,/mnt/Internal/ASR/./aishell/data_aishell/wav/test/S0904/BAC009S0904W0279.wav,/mnt/Internal/ASR/./aishell/data_aishell/wav/test/S0904/BAC009S0904W0181.wav,0.8040919055446956
S0766,/mnt/Internal/ASR/./aishell/data_aishell/wav/test/S0766/BAC009S0766W0403.wav,/mnt/Internal/ASR/./aishell/data_aishell/wav/test/S0766/BAC009S0766W0399.wav,0.8620348166418238
S0766,/mnt/Internal/ASR/./aishell/data_aishell/wav/test/S0766/BAC009S0766W0426.wav,/mnt/Internal/ASR/./aishell/data_aishell/wav/test/S0766/BAC009S0766W0478.wav,0.8371808791130866
S0766,/mnt/Internal/ASR/./aishell/data_aishell/wav/test/S0766/BAC009S0766W0464.wav,/mnt/Internal/ASR/./aishell/data_aishell/wav/test/S0766/BAC009S0766W0413.wav,0.8201598755617171
S0766,/mnt/Internal/ASR/./aishell/data_aishell/wav/test/S0766/BAC009S0766W0453.wav,/mnt/Internal/ASR/./aishell/data_aishell/wav/test/S0766/BAC009S0766W0448.wav,0.8189647862755234
S0766,/mnt/Internal/ASR/./aishell/data_aishell/wav/test/S0766/BAC009S0766W0421.wav,/mnt/Internal/ASR/./aishell/data_aishell/wav/test/S0766/BAC009S0766W0482.wav,0.836950485532989
S0766,/mnt/Internal/ASR/./aishell/data_aishell/wav/test/S0766/BAC009S0766W0408.wav,/mnt/Internal/ASR/./aishell/data_aishell/wav/test/S0766/BAC009S0766W0413.wav,0.8379799674392366
S0766,/mnt/Internal/ASR/./aishell/data_aishell/wav/test/S0766/BAC009S0766W0441.wav,/mnt/Internal/ASR/./aishell/data_aishell/wav/test/S0766/BAC009S0766W0456.wav,0.8144259814961227
S0766,/mnt/Internal/ASR/./aishell/data_aishell/wav/test/S0766/BAC009S0766W0365.wav,/mnt/Internal/ASR/./aishell/data_aishell/wav/test/S0766/BAC009S0766W0356.wav,0.7777898090676347
S0766,/mnt/Internal/ASR/./aishell/data_aishell/wav/test/S0766/BAC009S0766W0449.wav,/mnt/Internal/ASR/./aishell/data_aishell/wav/test/S0766/BAC009S0766W0403.wav,0.7994758907853512
S0766,/mnt/Internal/ASR/./aishell/data_aishell/wav/test/S0766/BAC009S0766W0357.wav,/mnt/Internal/ASR/./aishell/data_aishell/wav/test/S0766/BAC009S0766W0487.wav,0.7754997541411148
S0766,/mnt/Internal/ASR/./aishell/data_aishell/wav/test/S0766/BAC009S0766W0392.wav,/mnt/Internal/ASR/./aishell/data_aishell/wav/test/S0766/BAC009S0766W0461.wav,0.8455824938369969
S0766,/mnt/Internal/ASR/./aishell/data_aishell/wav/test/S0766/BAC009S0766W0407.wav,/mnt/Internal/ASR/./aishell/data_aishell/wav/test/S0766/BAC009S0766W0455.wav,0.8688363565443706
S0766,/mnt/Internal/ASR/./aishell/data_aishell/wav/test/S0766/BAC009S0766W0447.wav,/mnt/Internal/ASR/./aishell/data_aishell/wav/test/S0766/BAC009S0766W0386.wav,0.8538913987975181
S0766,/mnt/Internal/ASR/./aishell/data_aishell/wav/test/S0766/BAC009S0766W0234.wav,/mnt/Internal/ASR/./aishell/data_aishell/wav/test/S0766/BAC009S0766W0436.wav,0.8110986446045377
S0766,/mnt/Internal/ASR/./aishell/data_aishell/wav/test/S0766/BAC009S0766W0380.wav,/mnt/Internal/ASR/./aishell/data_aishell/wav/test/S0766/BAC009S0766W0482.wav,0.8916107218469902
S0766,/mnt/Internal/ASR/./aishell/data_aishell/wav/test/S0766/BAC009S0766W0253.wav,/mnt/Internal/ASR/./aishell/data_aishell/wav/test/S0766/BAC009S0766W0441.wav,0.8122365265840279
S0766,/mnt/Internal/ASR/./aishell/data_aishell/wav/test/S0766/BAC009S0766W0394.wav,/mnt/Internal/ASR/./aishell/data_aishell/wav/test/S0766/BAC009S0766W0475.wav,0.8233462347482853
S0766,/mnt/Internal/ASR/./aishell/data_aishell/wav/test/S0766/BAC009S0766W0356.wav,/mnt/Internal/ASR/./aishell/data_aishell/wav/test/S0766/BAC009S0766W0394.wav,0.731377928054953
S0766,/mnt/Internal/ASR/./aishell/data_aishell/wav/test/S0766/BAC009S0766W0377.wav,/mnt/Internal/ASR/./aishell/data_aishell/wav/test/S0766/BAC009S0766W0438.wav,0.8236963697534405
S0766,/mnt/Internal/ASR/./aishell/data_aishell/wav/test/S0766/BAC009S0766W0438.wav,/mnt/Internal/ASR/./aishell/data_aishell/wav/test/S0766/BAC009S0766W0413.wav,0.8599740871191656
S0902,/mnt/Internal/ASR/./aishell/data_aishell/wav/test/S0902/BAC009S0902W0167.wav,/mnt/Internal/ASR/./aishell/data_aishell/wav/test/S0902/BAC009S0902W0175.wav,0.8126903322703831
S0902,/mnt/Internal/ASR/./aishell/data_aishell/wav/test/S0902/BAC009S0902W0175.wav,/mnt/Internal/ASR/./aishell/data_aishell/wav/test/S0902/BAC009S0902W0341.wav,0.7557077103879263
S0902,/mnt/Internal/ASR/./aishell/data_aishell/wav/test/S0902/BAC009S0902W0193.wav,/mnt/Internal/ASR/./aishell/data_aishell/wav/test/S0902/BAC009S0902W0327.wav,0.8403300843825643
S0902,/mnt/Internal/ASR/./aishell/data_aishell/wav/test/S0902/BAC009S0902W0234.wav,/mnt/Internal/ASR/./aishell/data_aishell/wav/test/S0902/BAC009S0902W0243.wav,0.8870995884356723
S0902,/mnt/Internal/ASR/./aishell/data_aishell/wav/test/S0902/BAC009S0902W0212.wav,/mnt/Internal/ASR/./aishell/data_aishell/wav/test/S0902/BAC009S0902W0298.wav,0.7917578618470855
S0902,/mnt/Internal/ASR/./aishell/data_aishell/wav/test/S0902/BAC009S0902W0133.wav,/mnt/Internal/ASR/./aishell/data_aishell/wav/test/S0902/BAC009S0902W0129.wav,0.8610537905997608
S0902,/mnt/Internal/ASR/./aishell/data_aishell/wav/test/S0902/BAC009S0902W0170.wav,/mnt/Internal/ASR/./aishell/data_aishell/wav/test/S0902/BAC009S0902W0242.wav,0.8663768241130175
S0902,/mnt/Internal/ASR/./aishell/data_aishell/wav/test/S0902/BAC009S0902W0239.wav,/mnt/Internal/ASR/./aishell/data_aishell/wav/test/S0902/BAC009S0902W0324.wav,0.8084647378207218
S0902,/mnt/Internal/ASR/./aishell/data_aishell/wav/test/S0902/BAC009S0902W0345.wav,/mnt/Internal/ASR/./aishell/data_aishell/wav/test/S0902/BAC009S0902W0344.wav,0.8364784476661536
S0902,/mnt/Internal/ASR/./aishell/data_aishell/wav/test/S0902/BAC009S0902W0336.wav,/mnt/Internal/ASR/./aishell/data_aishell/wav/test/S0902/BAC009S0902W0307.wav,0.8539859657402399
S0902,/mnt/Internal/ASR/./aishell/data_aishell/wav/test/S0902/BAC009S0902W0313.wav,/mnt/Internal/ASR/./aishell/data_aishell/wav/test/S0902/BAC009S0902W0322.wav,0.8309100838982526
S0902,/mnt/Internal/ASR/./aishell/data_aishell/wav/test/S0902/BAC009S0902W0232.wav,/mnt/Internal/ASR/./aishell/data_aishell/wav/test/S0902/BAC009S0902W0173.wav,0.889212560059506
S0902,/mnt/Internal/ASR/./aishell/data_aishell/wav/test/S0902/BAC009S0902W0238.wav,/mnt/Internal/ASR/./aishell/data_aishell/wav/test/S0902/BAC009S0902W0376.wav,0.7979218019886134
S0902,/mnt/Internal/ASR/./aishell/data_aishell/wav/test/S0902/BAC009S0902W0215.wav,/mnt/Internal/ASR/./aishell/data_aishell/wav/test/S0902/BAC009S0902W0341.wav,0.7996588490269583
S0902,/mnt/Internal/ASR/./aishell/data_aishell/wav/test/S0902/BAC009S0902W0179.wav,/mnt/Internal/ASR/./aishell/data_aishell/wav/test/S0902/BAC009S0902W0322.wav,0.8433981139163242
S0902,/mnt/Internal/ASR/./aishell/data_aishell/wav/test/S0902/BAC009S0902W0345.wav,/mnt/Internal/ASR/./aishell/data_aishell/wav/test/S0902/BAC009S0902W0308.wav,0.8151930668539478
S0902,/mnt/Internal/ASR/./aishell/data_aishell/wav/test/S0902/BAC009S0902W0215.wav,/mnt/Internal/ASR/./aishell/data_aishell/wav/test/S0902/BAC009S0902W0191.wav,0.8455213802644631
S0902,/mnt/Internal/ASR/./aishell/data_aishell/wav/test/S0902/BAC009S0902W0142.wav,/mnt/Internal/ASR/./aishell/data_aishell/wav/test/S0902/BAC009S0902W0336.wav,0.855439435960513
S0902,/mnt/Internal/ASR/./aishell/data_aishell/wav/test/S0902/BAC009S0902W0235.wav,/mnt/Internal/ASR/./aishell/data_aishell/wav/test/S0902/BAC009S0902W0341.wav,0.8155959238835712
S0902,/mnt/Internal/ASR/./aishell/data_aishell/wav/test/S0902/BAC009S0902W0140.wav,/mnt/Internal/ASR/./aishell/data_aishell/wav/test/S0902/BAC009S0902W0346.wav,0.792834989125012
S0916,/mnt/Internal/ASR/./aishell/data_aishell/wav/test/S0916/BAC009S0916W0147.wav,/mnt/Internal/ASR/./aishell/data_aishell/wav/test/S0916/BAC009S0916W0194.wav,0.8621347516536576
S0916,/mnt/Internal/ASR/./aishell/data_aishell/wav/test/S0916/BAC009S0916W0414.wav,/mnt/Internal/ASR/./aishell/data_aishell/wav/test/S0916/BAC009S0916W0198.wav,0.8335069525324287
S0916,/mnt/Internal/ASR/./aishell/data_aishell/wav/test/S0916/BAC009S0916W0494.wav,/mnt/Internal/ASR/./aishell/data_aishell/wav/test/S0916/BAC009S0916W0156.wav,0.8460753011030016
S0916,/mnt/Internal/ASR/./aishell/data_aishell/wav/test/S0916/BAC009S0916W0193.wav,/mnt/Internal/ASR/./aishell/data_aishell/wav/test/S0916/BAC009S0916W0171.wav,0.8732349406952788
S0916,/mnt/Internal/ASR/./aishell/data_aishell/wav/test/S0916/BAC009S0916W0194.wav,/mnt/Internal/ASR/./aishell/data_aishell/wav/test/S0916/BAC009S0916W0126.wav,0.8458025354390999
S0916,/mnt/Internal/ASR/./aishell/data_aishell/wav/test/S0916/BAC009S0916W0147.wav,/mnt/Internal/ASR/./aishell/data_aishell/wav/test/S0916/BAC009S0916W0156.wav,0.8962586850888469
S0916,/mnt/Internal/ASR/./aishell/data_aishell/wav/test/S0916/BAC009S0916W0232.wav,/mnt/Internal/ASR/./aishell/data_aishell/wav/test/S0916/BAC009S0916W0171.wav,0.8393250279522337
S0916,/mnt/Internal/ASR/./aishell/data_aishell/wav/test/S0916/BAC009S0916W0191.wav,/mnt/Internal/ASR/./aishell/data_aishell/wav/test/S0916/BAC009S0916W0145.wav,0.8879938900860578
S0916,/mnt/Internal/ASR/./aishell/data_aishell/wav/test/S0916/BAC009S0916W0410.wav,/mnt/Internal/ASR/./aishell/data_aishell/wav/test/S0916/BAC009S0916W0189.wav,0.8260303135250343
S0916,/mnt/Internal/ASR/./aishell/data_aishell/wav/test/S0916/BAC009S0916W0494.wav,/mnt/Internal/ASR/./aishell/data_aishell/wav/test/S0916/BAC009S0916W0138.wav,0.822288823501411
S0916,/mnt/Internal/ASR/./aishell/data_aishell/wav/test/S0916/BAC009S0916W0126.wav,/mnt/Internal/ASR/./aishell/data_aishell/wav/test/S0916/BAC009S0916W0144.wav,0.8634857937141348
S0916,/mnt/Internal/ASR/./aishell/data_aishell/wav/test/S0916/BAC009S0916W0218.wav,/mnt/Internal/ASR/./aishell/data_aishell/wav/test/S0916/BAC009S0916W0124.wav,0.8820765111947685
S0916,/mnt/Internal/ASR/./aishell/data_aishell/wav/test/S0916/BAC009S0916W0198.wav,/mnt/Internal/ASR/./aishell/data_aishell/wav/test/S0916/BAC009S0916W0160.wav,0.8847212002074692
S0916,/mnt/Internal/ASR/./aishell/data_aishell/wav/test/S0916/BAC009S0916W0184.wav,/mnt/Internal/ASR/./aishell/data_aishell/wav/test/S0916/BAC009S0916W0232.wav,0.8481135826684585
S0916,/mnt/Internal/ASR/./aishell/data_aishell/wav/test/S0916/BAC009S0916W0410.wav,/mnt/Internal/ASR/./aishell/data_aishell/wav/test/S0916/BAC009S0916W0132.wav,0.8178694307762985
S0916,/mnt/Internal/ASR/./aishell/data_aishell/wav/test/S0916/BAC009S0916W0190.wav,/mnt/Internal/ASR/./aishell/data_aishell/wav/test/S0916/BAC009S0916W0206.wav,0.8293652551806011
S0916,/mnt/Internal/ASR/./aishell/data_aishell/wav/test/S0916/BAC009S0916W0409.wav,/mnt/Internal/ASR/./aishell/data_aishell/wav/test/S0916/BAC009S0916W0193.wav,0.8481119182711147
S0916,/mnt/Internal/ASR/./aishell/data_aishell/wav/test/S0916/BAC009S0916W0180.wav,/mnt/Internal/ASR/./aishell/data_aishell/wav/test/S0916/BAC009S0916W0208.wav,0.8474738409662499
S0916,/mnt/Internal/ASR/./aishell/data_aishell/wav/test/S0916/BAC009S0916W0164.wav,/mnt/Internal/ASR/./aishell/data_aishell/wav/test/S0916/BAC009S0916W0494.wav,0.7948279420462367
S0916,/mnt/Internal/ASR/./aishell/data_aishell/wav/test/S0916/BAC009S0916W0229.wav,/mnt/Internal/ASR/./aishell/data_aishell/wav/test/S0916/BAC009S0916W0225.wav,0.841591343353231
S0765,/mnt/Internal/ASR/./aishell/data_aishell/wav/test/S0765/BAC009S0765W0224.wav,/mnt/Internal/ASR/./aishell/data_aishell/wav/test/S0765/BAC009S0765W0229.wav,0.8370505392256221
S0765,/mnt/Internal/ASR/./aishell/data_aishell/wav/test/S0765/BAC009S0765W0340.wav,/mnt/Internal/ASR/./aishell/data_aishell/wav/test/S0765/BAC009S0765W0218.wav,0.8472999845210305
S0765,/mnt/Internal/ASR/./aishell/data_aishell/wav/test/S0765/BAC009S0765W0124.wav,/mnt/Internal/ASR/./aishell/data_aishell/wav/test/S0765/BAC009S0765W0198.wav,0.8833071426406705
S0765,/mnt/Internal/ASR/./aishell/data_aishell/wav/test/S0765/BAC009S0765W0130.wav,/mnt/Internal/ASR/./aishell/data_aishell/wav/test/S0765/BAC009S0765W0123.wav,0.8394328713858742
S0765,/mnt/Internal/ASR/./aishell/data_aishell/wav/test/S0765/BAC009S0765W0341.wav,/mnt/Internal/ASR/./aishell/data_aishell/wav/test/S0765/BAC009S0765W0170.wav,0.7733323819159732
S0765,/mnt/Internal/ASR/./aishell/data_aishell/wav/test/S0765/BAC009S0765W0154.wav,/mnt/Internal/ASR/./aishell/data_aishell/wav/test/S0765/BAC009S0765W0149.wav,0.8999317788754281
S0765,/mnt/Internal/ASR/./aishell/data_aishell/wav/test/S0765/BAC009S0765W0337.wav,/mnt/Internal/ASR/./aishell/data_aishell/wav/test/S0765/BAC009S0765W0175.wav,0.8674392697229044
S0765,/mnt/Internal/ASR/./aishell/data_aishell/wav/test/S0765/BAC009S0765W0187.wav,/mnt/Internal/ASR/./aishell/data_aishell/wav/test/S0765/BAC009S0765W0180.wav,0.8072977696470667
S0765,/mnt/Internal/ASR/./aishell/data_aishell/wav/test/S0765/BAC009S0765W0208.wav,/mnt/Internal/ASR/./aishell/data_aishell/wav/test/S0765/BAC009S0765W0215.wav,0.8820322112415405
S0765,/mnt/Internal/ASR/./aishell/data_aishell/wav/test/S0765/BAC009S0765W0214.wav,/mnt/Internal/ASR/./aishell/data_aishell/wav/test/S0765/BAC009S0765W0138.wav,0.8157469560889188
S0765,/mnt/Internal/ASR/./aishell/data_aishell/wav/test/S0765/BAC009S0765W0192.wav,/mnt/Internal/ASR/./aishell/data_aishell/wav/test/S0765/BAC009S0765W0187.wav,0.812167754159754
S0765,/mnt/Internal/ASR/./aishell/data_aishell/wav/test/S0765/BAC009S0765W0130.wav,/mnt/Internal/ASR/./aishell/data_aishell/wav/test/S0765/BAC009S0765W0160.wav,0.784928512975765
S0765,/mnt/Internal/ASR/./aishell/data_aishell/wav/test/S0765/BAC009S0765W0137.wav,/mnt/Internal/ASR/./aishell/data_aishell/wav/test/S0765/BAC009S0765W0204.wav,0.8497471339021473
S0765,/mnt/Internal/ASR/./aishell/data_aishell/wav/test/S0765/BAC009S0765W0225.wav,/mnt/Internal/ASR/./aishell/data_aishell/wav/test/S0765/BAC009S0765W0215.wav,0.8899081876416691
S0765,/mnt/Internal/ASR/./aishell/data_aishell/wav/test/S0765/BAC009S0765W0208.wav,/mnt/Internal/ASR/./aishell/data_aishell/wav/test/S0765/BAC009S0765W0138.wav,0.8275928463511454
S0765,/mnt/Internal/ASR/./aishell/data_aishell/wav/test/S0765/BAC009S0765W0357.wav,/mnt/Internal/ASR/./aishell/data_aishell/wav/test/S0765/BAC009S0765W0150.wav,0.8180752622133205
S0765,/mnt/Internal/ASR/./aishell/data_aishell/wav/test/S0765/BAC009S0765W0227.wav,/mnt/Internal/ASR/./aishell/data_aishell/wav/test/S0765/BAC009S0765W0224.wav,0.9010101609635709
S0765,/mnt/Internal/ASR/./aishell/data_aishell/wav/test/S0765/BAC009S0765W0227.wav,/mnt/Internal/ASR/./aishell/data_aishell/wav/test/S0765/BAC009S0765W0173.wav,0.8234999560498221
S0765,/mnt/Internal/ASR/./aishell/data_aishell/wav/test/S0765/BAC009S0765W0182.wav,/mnt/Internal/ASR/./aishell/data_aishell/wav/test/S0765/BAC009S0765W0204.wav,0.8692675498986772
S0765,/mnt/Internal/ASR/./aishell/data_aishell/wav/test/S0765/BAC009S0765W0148.wav,/mnt/Internal/ASR/./aishell/data_aishell/wav/test/S0765/BAC009S0765W0162.wav,0.8462184860168902
S0770,/mnt/Internal/ASR/./aishell/data_aishell/wav/test/S0770/BAC009S0770W0461.wav,/mnt/Internal/ASR/./aishell/data_aishell/wav/test/S0770/BAC009S0770W0414.wav,0.759408110953757
S0770,/mnt/Internal/ASR/./aishell/data_aishell/wav/test/S0770/BAC009S0770W0493.wav,/mnt/Internal/ASR/./aishell/data_aishell/wav/test/S0770/BAC009S0770W0380.wav,0.7550388285704224
S0770,/mnt/Internal/ASR/./aishell/data_aishell/wav/test/S0770/BAC009S0770W0403.wav,/mnt/Internal/ASR/./aishell/data_aishell/wav/test/S0770/BAC009S0770W0372.wav,0.8666326643862468
S0770,/mnt/Internal/ASR/./aishell/data_aishell/wav/test/S0770/BAC009S0770W0369.wav,/mnt/Internal/ASR/./aishell/data_aishell/wav/test/S0770/BAC009S0770W0191.wav,0.8494132085525028
S0770,/mnt/Internal/ASR/./aishell/data_aishell/wav/test/S0770/BAC009S0770W0452.wav,/mnt/Internal/ASR/./aishell/data_aishell/wav/test/S0770/BAC009S0770W0472.wav,0.8660805446397156
S0770,/mnt/Internal/ASR/./aishell/data_aishell/wav/test/S0770/BAC009S0770W0484.wav,/mnt/Internal/ASR/./aishell/data_aishell/wav/test/S0770/BAC009S0770W0448.wav,0.8285675797269209
S0770,/mnt/Internal/ASR/./aishell/data_aishell/wav/test/S0770/BAC009S0770W0413.wav,/mnt/Internal/ASR/./aishell/data_aishell/wav/test/S0770/BAC009S0770W0406.wav,0.8325209952775549
S0770,/mnt/Internal/ASR/./aishell/data_aishell/wav/test/S0770/BAC009S0770W0363.wav,/mnt/Internal/ASR/./aishell/data_aishell/wav/test/S0770/BAC009S0770W0369.wav,0.8076316133195734
S0770,/mnt/Internal/ASR/./aishell/data_aishell/wav/test/S0770/BAC009S0770W0244.wav,/mnt/Internal/ASR/./aishell/data_aishell/wav/test/S0770/BAC009S0770W0403.wav,0.8310711331093207
S0770,/mnt/Internal/ASR/./aishell/data_aishell/wav/test/S0770/BAC009S0770W0424.wav,/mnt/Internal/ASR/./aishell/data_aishell/wav/test/S0770/BAC009S0770W0409.wav,0.8251358236073087
S0770,/mnt/Internal/ASR/./aishell/data_aishell/wav/test/S0770/BAC009S0770W0239.wav,/mnt/Internal/ASR/./aishell/data_aishell/wav/test/S0770/BAC009S0770W0369.wav,0.7926056118765737
S0770,/mnt/Internal/ASR/./aishell/data_aishell/wav/test/S0770/BAC009S0770W0395.wav,/mnt/Internal/ASR/./aishell/data_aishell/wav/test/S0770/BAC009S0770W0386.wav,0.8299838075382295
S0770,/mnt/Internal/ASR/./aishell/data_aishell/wav/test/S0770/BAC009S0770W0352.wav,/mnt/Internal/ASR/./aishell/data_aishell/wav/test/S0770/BAC009S0770W0365.wav,0.7987515147107814
S0770,/mnt/Internal/ASR/./aishell/data_aishell/wav/test/S0770/BAC009S0770W0461.wav,/mnt/Internal/ASR/./aishell/data_aishell/wav/test/S0770/BAC009S0770W0417.wav,0.7914688414501004
S0770,/mnt/Internal/ASR/./aishell/data_aishell/wav/test/S0770/BAC009S0770W0350.wav,/mnt/Internal/ASR/./aishell/data_aishell/wav/test/S0770/BAC009S0770W0445.wav,0.7009144074963282
S0770,/mnt/Internal/ASR/./aishell/data_aishell/wav/test/S0770/BAC009S0770W0246.wav,/mnt/Internal/ASR/./aishell/data_aishell/wav/test/S0770/BAC009S0770W0372.wav,0.7712663777203034
S0770,/mnt/Internal/ASR/./aishell/data_aishell/wav/test/S0770/BAC009S0770W0484.wav,/mnt/Internal/ASR/./aishell/data_aishell/wav/test/S0770/BAC009S0770W0486.wav,0.8768519062334709
S0770,/mnt/Internal/ASR/./aishell/data_aishell/wav/test/S0770/BAC009S0770W0389.wav,/mnt/Internal/ASR/./aishell/data_aishell/wav/test/S0770/BAC009S0770W0463.wav,0.7582071256494654
S0770,/mnt/Internal/ASR/./aishell/data_aishell/wav/test/S0770/BAC009S0770W0489.wav,/mnt/Internal/ASR/./aishell/data_aishell/wav/test/S0770/BAC009S0770W0244.wav,0.8191027714003253
S0770,/mnt/Internal/ASR/./aishell/data_aishell/wav/test/S0770/BAC009S0770W0355.wav,/mnt/Internal/ASR/./aishell/data_aishell/wav/test/S0770/BAC009S0770W0366.wav,0.712847667325377
S0901,/mnt/Internal/ASR/./aishell/data_aishell/wav/test/S0901/BAC009S0901W0370.wav,/mnt/Internal/ASR/./aishell/data_aishell/wav/test/S0901/BAC009S0901W0202.wav,0.7042447339946757
S0901,/mnt/Internal/ASR/./aishell/data_aishell/wav/test/S0901/BAC009S0901W0191.wav,/mnt/Internal/ASR/./aishell/data_aishell/wav/test/S0901/BAC009S0901W0192.wav,0.7835760296520166
S0901,/mnt/Internal/ASR/./aishell/data_aishell/wav/test/S0901/BAC009S0901W0290.wav,/mnt/Internal/ASR/./aishell/data_aishell/wav/test/S0901/BAC009S0901W0432.wav,0.7537417948110359
S0901,/mnt/Internal/ASR/./aishell/data_aishell/wav/test/S0901/BAC009S0901W0223.wav,/mnt/Internal/ASR/./aishell/data_aishell/wav/test/S0901/BAC009S0901W0197.wav,0.8889100499247221
S0901,/mnt/Internal/ASR/./aishell/data_aishell/wav/test/S0901/BAC009S0901W0248.wav,/mnt/Internal/ASR/./aishell/data_aishell/wav/test/S0901/BAC009S0901W0304.wav,0.8139233525573514
S0901,/mnt/Internal/ASR/./aishell/data_aishell/wav/test/S0901/BAC009S0901W0221.wav,/mnt/Internal/ASR/./aishell/data_aishell/wav/test/S0901/BAC009S0901W0194.wav,0.7201112838645967
S0901,/mnt/Internal/ASR/./aishell/data_aishell/wav/test/S0901/BAC009S0901W0266.wav,/mnt/Internal/ASR/./aishell/data_aishell/wav/test/S0901/BAC009S0901W0224.wav,0.7982873727942904
S0901,/mnt/Internal/ASR/./aishell/data_aishell/wav/test/S0901/BAC009S0901W0289.wav,/mnt/Internal/ASR/./aishell/data_aishell/wav/test/S0901/BAC009S0901W0175.wav,0.8017863744658954
S0901,/mnt/Internal/ASR/./aishell/data_aishell/wav/test/S0901/BAC009S0901W0265.wav,/mnt/Internal/ASR/./aishell/data_aishell/wav/test/S0901/BAC009S0901W0220.wav,0.601332949230523
S0901,/mnt/Internal/ASR/./aishell/data_aishell/wav/test/S0901/BAC009S0901W0202.wav,/mnt/Internal/ASR/./aishell/data_aishell/wav/test/S0901/BAC009S0901W0245.wav,0.8065214311646166
S0901,/mnt/Internal/ASR/./aishell/data_aishell/wav/test/S0901/BAC009S0901W0223.wav,/mnt/Internal/ASR/./aishell/data_aishell/wav/test/S0901/BAC009S0901W0177.wav,0.8150324267036659
S0901,/mnt/Internal/ASR/./aishell/data_aishell/wav/test/S0901/BAC009S0901W0285.wav,/mnt/Internal/ASR/./aishell/data_aishell/wav/test/S0901/BAC009S0901W0264.wav,0.6741362979316493
S0901,/mnt/Internal/ASR/./aishell/data_aishell/wav/test/S0901/BAC009S0901W0261.wav,/mnt/Internal/ASR/./aishell/data_aishell/wav/test/S0901/BAC009S0901W0236.wav,0.7381931602486175
S0901,/mnt/Internal/ASR/./aishell/data_aishell/wav/test/S0901/BAC009S0901W0304.wav,/mnt/Internal/ASR/./aishell/data_aishell/wav/test/S0901/BAC009S0901W0202.wav,0.8070938851132042
S0901,/mnt/Internal/ASR/./aishell/data_aishell/wav/test/S0901/BAC009S0901W0300.wav,/mnt/Internal/ASR/./aishell/data_aishell/wav/test/S0901/BAC009S0901W0246.wav,0.7724838178767841
S0901,/mnt/Internal/ASR/./aishell/data_aishell/wav/test/S0901/BAC009S0901W0439.wav,/mnt/Internal/ASR/./aishell/data_aishell/wav/test/S0901/BAC009S0901W0234.wav,0.7660703715805355
S0901,/mnt/Internal/ASR/./aishell/data_aishell/wav/test/S0901/BAC009S0901W0199.wav,/mnt/Internal/ASR/./aishell/data_aishell/wav/test/S0901/BAC009S0901W0236.wav,0.8242610779370904
S0901,/mnt/Internal/ASR/./aishell/data_aishell/wav/test/S0901/BAC009S0901W0253.wav,/mnt/Internal/ASR/./aishell/data_aishell/wav/test/S0901/BAC009S0901W0229.wav,0.8188048576874115
S0901,/mnt/Internal/ASR/./aishell/data_aishell/wav/test/S0901/BAC009S0901W0294.wav,/mnt/Internal/ASR/./aishell/data_aishell/wav/test/S0901/BAC009S0901W0296.wav,0.7454454195341924
S0901,/mnt/Internal/ASR/./aishell/data_aishell/wav/test/S0901/BAC009S0901W0256.wav,/mnt/Internal/ASR/./aishell/data_aishell/wav/test/S0901/BAC009S0901W0292.wav,0.7379899892877712
S0912,/mnt/Internal/ASR/./aishell/data_aishell/wav/test/S0912/BAC009S0912W0251.wav,/mnt/Internal/ASR/./aishell/data_aishell/wav/test/S0912/BAC009S0912W0235.wav,0.8884510344144217
S0912,/mnt/Internal/ASR/./aishell/data_aishell/wav/test/S0912/BAC009S0912W0218.wav,/mnt/Internal/ASR/./aishell/data_aishell/wav/test/S0912/BAC009S0912W0452.wav,0.8242517152125661
S0912,/mnt/Internal/ASR/./aishell/data_aishell/wav/test/S0912/BAC009S0912W0185.wav,/mnt/Internal/ASR/./aishell/data_aishell/wav/test/S0912/BAC009S0912W0463.wav,0.798515706608803
S0912,/mnt/Internal/ASR/./aishell/data_aishell/wav/test/S0912/BAC009S0912W0233.wav,/mnt/Internal/ASR/./aishell/data_aishell/wav/test/S0912/BAC009S0912W0482.wav,0.8276745501906659
S0912,/mnt/Internal/ASR/./aishell/data_aishell/wav/test/S0912/BAC009S0912W0488.wav,/mnt/Internal/ASR/./aishell/data_aishell/wav/test/S0912/BAC009S0912W0483.wav,0.8558329558124537
S0912,/mnt/Internal/ASR/./aishell/data_aishell/wav/test/S0912/BAC009S0912W0228.wav,/mnt/Internal/ASR/./aishell/data_aishell/wav/test/S0912/BAC009S0912W0455.wav,0.8255524123657219
S0912,/mnt/Internal/ASR/./aishell/data_aishell/wav/test/S0912/BAC009S0912W0170.wav,/mnt/Internal/ASR/./aishell/data_aishell/wav/test/S0912/BAC009S0912W0442.wav,0.7987585856649521
S0912,/mnt/Internal/ASR/./aishell/data_aishell/wav/test/S0912/BAC009S0912W0231.wav,/mnt/Internal/ASR/./aishell/data_aishell/wav/test/S0912/BAC009S0912W0460.wav,0.8570963953326581
S0912,/mnt/Internal/ASR/./aishell/data_aishell/wav/test/S0912/BAC009S0912W0480.wav,/mnt/Internal/ASR/./aishell/data_aishell/wav/test/S0912/BAC009S0912W0460.wav,0.8887773530272894
S0912,/mnt/Internal/ASR/./aishell/data_aishell/wav/test/S0912/BAC009S0912W0258.wav,/mnt/Internal/ASR/./aishell/data_aishell/wav/test/S0912/BAC009S0912W0448.wav,0.9096915715135355
S0912,/mnt/Internal/ASR/./aishell/data_aishell/wav/test/S0912/BAC009S0912W0169.wav,/mnt/Internal/ASR/./aishell/data_aishell/wav/test/S0912/BAC009S0912W0467.wav,0.8648188211816774
S0912,/mnt/Internal/ASR/./aishell/data_aishell/wav/test/S0912/BAC009S0912W0211.wav,/mnt/Internal/ASR/./aishell/data_aishell/wav/test/S0912/BAC009S0912W0486.wav,0.8862587891043667
S0912,/mnt/Internal/ASR/./aishell/data_aishell/wav/test/S0912/BAC009S0912W0185.wav,/mnt/Internal/ASR/./aishell/data_aishell/wav/test/S0912/BAC009S0912W0457.wav,0.8422538021773041
S0912,/mnt/Internal/ASR/./aishell/data_aishell/wav/test/S0912/BAC009S0912W0165.wav,/mnt/Internal/ASR/./aishell/data_aishell/wav/test/S0912/BAC009S0912W0258.wav,0.9186014522077008
S0912,/mnt/Internal/ASR/./aishell/data_aishell/wav/test/S0912/BAC009S0912W0249.wav,/mnt/Internal/ASR/./aishell/data_aishell/wav/test/S0912/BAC009S0912W0185.wav,0.7881991699919318
S0912,/mnt/Internal/ASR/./aishell/data_aishell/wav/test/S0912/BAC009S0912W0213.wav,/mnt/Internal/ASR/./aishell/data_aishell/wav/test/S0912/BAC009S0912W0463.wav,0.8702676062094905
S0912,/mnt/Internal/ASR/./aishell/data_aishell/wav/test/S0912/BAC009S0912W0185.wav,/mnt/Internal/ASR/./aishell/data_aishell/wav/test/S0912/BAC009S0912W0482.wav,0.7952199725891258
S0912,/mnt/Internal/ASR/./aishell/data_aishell/wav/test/S0912/BAC009S0912W0442.wav,/mnt/Internal/ASR/./aishell/data_aishell/wav/test/S0912/BAC009S0912W0469.wav,0.8895819035244674
S0912,/mnt/Internal/ASR/./aishell/data_aishell/wav/test/S0912/BAC009S0912W0178.wav,/mnt/Internal/ASR/./aishell/data_aishell/wav/test/S0912/BAC009S0912W0476.wav,0.8001289812881707
S0912,/mnt/Internal/ASR/./aishell/data_aishell/wav/test/S0912/BAC009S0912W0457.wav,/mnt/Internal/ASR/./aishell/data_aishell/wav/test/S0912/BAC009S0912W0480.wav,0.9268136315383753
S0915,/mnt/Internal/ASR/./aishell/data_aishell/wav/test/S0915/BAC009S0915W0365.wav,/mnt/Internal/ASR/./aishell/data_aishell/wav/test/S0915/BAC009S0915W0400.wav,0.8691750274484321
S0915,/mnt/Internal/ASR/./aishell/data_aishell/wav/test/S0915/BAC009S0915W0434.wav,/mnt/Internal/ASR/./aishell/data_aishell/wav/test/S0915/BAC009S0915W0435.wav,0.8200482597516788
S0915,/mnt/Internal/ASR/./aishell/data_aishell/wav/test/S0915/BAC009S0915W0454.wav,/mnt/Internal/ASR/./aishell/data_aishell/wav/test/S0915/BAC009S0915W0457.wav,0.8747948885235941
S0915,/mnt/Internal/ASR/./aishell/data_aishell/wav/test/S0915/BAC009S0915W0446.wav,/mnt/Internal/ASR/./aishell/data_aishell/wav/test/S0915/BAC009S0915W0445.wav,0.840301793004141
S0915,/mnt/Internal/ASR/./aishell/data_aishell/wav/test/S0915/BAC009S0915W0466.wav,/mnt/Internal/ASR/./aishell/data_aishell/wav/test/S0915/BAC009S0915W0400.wav,0.9079914099524554
S0915,/mnt/Internal/ASR/./aishell/data_aishell/wav/test/S0915/BAC009S0915W0488.wav,/mnt/Internal/ASR/./aishell/data_aishell/wav/test/S0915/BAC009S0915W0413.wav,0.9027202881148474
S0915,/mnt/Internal/ASR/./aishell/data_aishell/wav/test/S0915/BAC009S0915W0413.wav,/mnt/Internal/ASR/./aishell/data_aishell/wav/test/S0915/BAC009S0915W0432.wav,0.8908452617183709
S0915,/mnt/Internal/ASR/./aishell/data_aishell/wav/test/S0915/BAC009S0915W0461.wav,/mnt/Internal/ASR/./aishell/data_aishell/wav/test/S0915/BAC009S0915W0429.wav,0.7067489028466717
S0915,/mnt/Internal/ASR/./aishell/data_aishell/wav/test/S0915/BAC009S0915W0355.wav,/mnt/Internal/ASR/./aishell/data_aishell/wav/test/S0915/BAC009S0915W0388.wav,0.8639062560711522
S0915,/mnt/Internal/ASR/./aishell/data_aishell/wav/test/S0915/BAC009S0915W0376.wav,/mnt/Internal/ASR/./aishell/data_aishell/wav/test/S0915/BAC009S0915W0494.wav,0.8914162287801948
S0915,/mnt/Internal/ASR/./aishell/data_aishell/wav/test/S0915/BAC009S0915W0383.wav,/mnt/Internal/ASR/./aishell/data_aishell/wav/test/S0915/BAC009S0915W0431.wav,0.8902128790531916
S0915,/mnt/Internal/ASR/./aishell/data_aishell/wav/test/S0915/BAC009S0915W0423.wav,/mnt/Internal/ASR/./aishell/data_aishell/wav/test/S0915/BAC009S0915W0470.wav,0.8343490120179814
S0915,/mnt/Internal/ASR/./aishell/data_aishell/wav/test/S0915/BAC009S0915W0381.wav,/mnt/Internal/ASR/./aishell/data_aishell/wav/test/S0915/BAC009S0915W0387.wav,0.8791606430538762
S0915,/mnt/Internal/ASR/./aishell/data_aishell/wav/test/S0915/BAC009S0915W0435.wav,/mnt/Internal/ASR/./aishell/data_aishell/wav/test/S0915/BAC009S0915W0429.wav,0.8100949970679368
S0915,/mnt/Internal/ASR/./aishell/data_aishell/wav/test/S0915/BAC009S0915W0357.wav,/mnt/Internal/ASR/./aishell/data_aishell/wav/test/S0915/BAC009S0915W0495.wav,0.8045759948052875
S0915,/mnt/Internal/ASR/./aishell/data_aishell/wav/test/S0915/BAC009S0915W0492.wav,/mnt/Internal/ASR/./aishell/data_aishell/wav/test/S0915/BAC009S0915W0432.wav,0.8388126907719585
S0915,/mnt/Internal/ASR/./aishell/data_aishell/wav/test/S0915/BAC009S0915W0488.wav,/mnt/Internal/ASR/./aishell/data_aishell/wav/test/S0915/BAC009S0915W0395.wav,0.908807616292466
S0915,/mnt/Internal/ASR/./aishell/data_aishell/wav/test/S0915/BAC009S0915W0434.wav,/mnt/Internal/ASR/./aishell/data_aishell/wav/test/S0915/BAC009S0915W0457.wav,0.8514552183607319
S0915,/mnt/Internal/ASR/./aishell/data_aishell/wav/test/S0915/BAC009S0915W0470.wav,/mnt/Internal/ASR/./aishell/data_aishell/wav/test/S0915/BAC009S0915W0450.wav,0.8738499406326721
S0915,/mnt/Internal/ASR/./aishell/data_aishell/wav/test/S0915/BAC009S0915W0435.wav,/mnt/Internal/ASR/./aishell/data_aishell/wav/test/S0915/BAC009S0915W0472.wav,0.8470721392954251
S0914,/mnt/Internal/ASR/./aishell/data_aishell/wav/test/S0914/BAC009S0914W0199.wav,/mnt/Internal/ASR/./aishell/data_aishell/wav/test/S0914/BAC009S0914W0339.wav,0.8093823585818577
S0914,/mnt/Internal/ASR/./aishell/data_aishell/wav/test/S0914/BAC009S0914W0132.wav,/mnt/Internal/ASR/./aishell/data_aishell/wav/test/S0914/BAC009S0914W0189.wav,0.824021117945058
S0914,/mnt/Internal/ASR/./aishell/data_aishell/wav/test/S0914/BAC009S0914W0353.wav,/mnt/Internal/ASR/./aishell/data_aishell/wav/test/S0914/BAC009S0914W0163.wav,0.8820079026460077
S0914,/mnt/Internal/ASR/./aishell/data_aishell/wav/test/S0914/BAC009S0914W0342.wav,/mnt/Internal/ASR/./aishell/data_aishell/wav/test/S0914/BAC009S0914W0495.wav,0.7955657767287649
S0914,/mnt/Internal/ASR/./aishell/data_aishell/wav/test/S0914/BAC009S0914W0350.wav,/mnt/Internal/ASR/./aishell/data_aishell/wav/test/S0914/BAC009S0914W0125.wav,0.7775941230474986
S0914,/mnt/Internal/ASR/./aishell/data_aishell/wav/test/S0914/BAC009S0914W0342.wav,/mnt/Internal/ASR/./aishell/data_aishell/wav/test/S0914/BAC009S0914W0143.wav,0.7591182055910438
S0914,/mnt/Internal/ASR/./aishell/data_aishell/wav/test/S0914/BAC009S0914W0493.wav,/mnt/Internal/ASR/./aishell/data_aishell/wav/test/S0914/BAC009S0914W0194.wav,0.7923775665528161
S0914,/mnt/Internal/ASR/./aishell/data_aishell/wav/test/S0914/BAC009S0914W0364.wav,/mnt/Internal/ASR/./aishell/data_aishell/wav/test/S0914/BAC009S0914W0192.wav,0.7484932890099604
S0914,/mnt/Internal/ASR/./aishell/data_aishell/wav/test/S0914/BAC009S0914W0344.wav,/mnt/Internal/ASR/./aishell/data_aishell/wav/test/S0914/BAC009S0914W0155.wav,0.7896032170833789
S0914,/mnt/Internal/ASR/./aishell/data_aishell/wav/test/S0914/BAC009S0914W0353.wav,/mnt/Internal/ASR/./aishell/data_aishell/wav/test/S0914/BAC009S0914W0133.wav,0.8305396738105492
S0914,/mnt/Internal/ASR/./aishell/data_aishell/wav/test/S0914/BAC009S0914W0156.wav,/mnt/Internal/ASR/./aishell/data_aishell/wav/test/S0914/BAC009S0914W0181.wav,0.8723172576727352
S0914,/mnt/Internal/ASR/./aishell/data_aishell/wav/test/S0914/BAC009S0914W0124.wav,/mnt/Internal/ASR/./aishell/data_aishell/wav/test/S0914/BAC009S0914W0157.wav,0.9164418091632747
S0914,/mnt/Internal/ASR/./aishell/data_aishell/wav/test/S0914/BAC009S0914W0355.wav,/mnt/Internal/ASR/./aishell/data_aishell/wav/test/S0914/BAC009S0914W0139.wav,0.8095486563526658
S0914,/mnt/Internal/ASR/./aishell/data_aishell/wav/test/S0914/BAC009S0914W0198.wav,/mnt/Internal/ASR/./aishell/data_aishell/wav/test/S0914/BAC009S0914W0181.wav,0.9162768298315885
S0914,/mnt/Internal/ASR/./aishell/data_aishell/wav/test/S0914/BAC009S0914W0364.wav,/mnt/Internal/ASR/./aishell/data_aishell/wav/test/S0914/BAC009S0914W0495.wav,0.8108894838764407
S0914,/mnt/Internal/ASR/./aishell/data_aishell/wav/test/S0914/BAC009S0914W0160.wav,/mnt/Internal/ASR/./aishell/data_aishell/wav/test/S0914/BAC009S0914W0177.wav,0.8488255308254988
S0914,/mnt/Internal/ASR/./aishell/data_aishell/wav/test/S0914/BAC009S0914W0350.wav,/mnt/Internal/ASR/./aishell/data_aishell/wav/test/S0914/BAC009S0914W0362.wav,0.8038051693673331
S0914,/mnt/Internal/ASR/./aishell/data_aishell/wav/test/S0914/BAC009S0914W0369.wav,/mnt/Internal/ASR/./aishell/data_aishell/wav/test/S0914/BAC009S0914W0364.wav,0.8527373333439414
S0914,/mnt/Internal/ASR/./aishell/data_aishell/wav/test/S0914/BAC009S0914W0349.wav,/mnt/Internal/ASR/./aishell/data_aishell/wav/test/S0914/BAC009S0914W0193.wav,0.7162192216789639
S0914,/mnt/Internal/ASR/./aishell/data_aishell/wav/test/S0914/BAC009S0914W0171.wav,/mnt/Internal/ASR/./aishell/data_aishell/wav/test/S0914/BAC009S0914W0180.wav,0.881546800451649
S0906,/mnt/Internal/ASR/./aishell/data_aishell/wav/test/S0906/BAC009S0906W0305.wav,/mnt/Internal/ASR/./aishell/data_aishell/wav/test/S0906/BAC009S0906W0171.wav,0.8359157380155785
S0906,/mnt/Internal/ASR/./aishell/data_aishell/wav/test/S0906/BAC009S0906W0227.wav,/mnt/Internal/ASR/./aishell/data_aishell/wav/test/S0906/BAC009S0906W0179.wav,0.8971661189609611
S0906,/mnt/Internal/ASR/./aishell/data_aishell/wav/test/S0906/BAC009S0906W0191.wav,/mnt/Internal/ASR/./aishell/data_aishell/wav/test/S0906/BAC009S0906W0215.wav,0.8357134640127499
S0906,/mnt/Internal/ASR/./aishell/data_aishell/wav/test/S0906/BAC009S0906W0207.wav,/mnt/Internal/ASR/./aishell/data_aishell/wav/test/S0906/BAC009S0906W0425.wav,0.7789896697383203
S0906,/mnt/Internal/ASR/./aishell/data_aishell/wav/test/S0906/BAC009S0906W0247.wav,/mnt/Internal/ASR/./aishell/data_aishell/wav/test/S0906/BAC009S0906W0433.wav,0.8756086460333945
S0906,/mnt/Internal/ASR/./aishell/data_aishell/wav/test/S0906/BAC009S0906W0244.wav,/mnt/Internal/ASR/./aishell/data_aishell/wav/test/S0906/BAC009S0906W0429.wav,0.8620126886656206
S0906,/mnt/Internal/ASR/./aishell/data_aishell/wav/test/S0906/BAC009S0906W0244.wav,/mnt/Internal/ASR/./aishell/data_aishell/wav/test/S0906/BAC009S0906W0205.wav,0.8694164257260525
S0906,/mnt/Internal/ASR/./aishell/data_aishell/wav/test/S0906/BAC009S0906W0195.wav,/mnt/Internal/ASR/./aishell/data_aishell/wav/test/S0906/BAC009S0906W0168.wav,0.8625112640285825
S0906,/mnt/Internal/ASR/./aishell/data_aishell/wav/test/S0906/BAC009S0906W0210.wav,/mnt/Internal/ASR/./aishell/data_aishell/wav/test/S0906/BAC009S0906W0438.wav,0.8217200059169867
S0906,/mnt/Internal/ASR/./aishell/data_aishell/wav/test/S0906/BAC009S0906W0172.wav,/mnt/Internal/ASR/./aishell/data_aishell/wav/test/S0906/BAC009S0906W0168.wav,0.86311746373808
S0906,/mnt/Internal/ASR/./aishell/data_aishell/wav/test/S0906/BAC009S0906W0251.wav,/mnt/Internal/ASR/./aishell/data_aishell/wav/test/S0906/BAC009S0906W0169.wav,0.8380685926052083
S0906,/mnt/Internal/ASR/./aishell/data_aishell/wav/test/S0906/BAC009S0906W0299.wav,/mnt/Internal/ASR/./aishell/data_aishell/wav/test/S0906/BAC009S0906W0226.wav,0.8579193153572082
S0906,/mnt/Internal/ASR/./aishell/data_aishell/wav/test/S0906/BAC009S0906W0169.wav,/mnt/Internal/ASR/./aishell/data_aishell/wav/test/S0906/BAC009S0906W0326.wav,0.8225286785866546
S0906,/mnt/Internal/ASR/./aishell/data_aishell/wav/test/S0906/BAC009S0906W0244.wav,/mnt/Internal/ASR/./aishell/data_aishell/wav/test/S0906/BAC009S0906W0436.wav,0.880496313362012
S0906,/mnt/Internal/ASR/./aishell/data_aishell/wav/test/S0906/BAC009S0906W0426.wav,/mnt/Internal/ASR/./aishell/data_aishell/wav/test/S0906/BAC009S0906W0421.wav,0.8455419834716873
S0906,/mnt/Internal/ASR/./aishell/data_aishell/wav/test/S0906/BAC009S0906W0441.wav,/mnt/Internal/ASR/./aishell/data_aishell/wav/test/S0906/BAC009S0906W0181.wav,0.8580417506294621
S0906,/mnt/Internal/ASR/./aishell/data_aishell/wav/test/S0906/BAC009S0906W0226.wav,/mnt/Internal/ASR/./aishell/data_aishell/wav/test/S0906/BAC009S0906W0224.wav,0.8654402195801437
S0906,/mnt/Internal/ASR/./aishell/data_aishell/wav/test/S0906/BAC009S0906W0299.wav,/mnt/Internal/ASR/./aishell/data_aishell/wav/test/S0906/BAC009S0906W0198.wav,0.8541227856474395
S0906,/mnt/Internal/ASR/./aishell/data_aishell/wav/test/S0906/BAC009S0906W0444.wav,/mnt/Internal/ASR/./aishell/data_aishell/wav/test/S0906/BAC009S0906W0178.wav,0.8584488070166124
S0906,/mnt/Internal/ASR/./aishell/data_aishell/wav/test/S0906/BAC009S0906W0189.wav,/mnt/Internal/ASR/./aishell/data_aishell/wav/test/S0906/BAC009S0906W0222.wav,0.838228550507497
S0908,/mnt/Internal/ASR/./aishell/data_aishell/wav/test/S0908/BAC009S0908W0141.wav,/mnt/Internal/ASR/./aishell/data_aishell/wav/test/S0908/BAC009S0908W0168.wav,0.8757725629478005
S0908,/mnt/Internal/ASR/./aishell/data_aishell/wav/test/S0908/BAC009S0908W0127.wav,/mnt/Internal/ASR/./aishell/data_aishell/wav/test/S0908/BAC009S0908W0190.wav,0.8245279887426202
S0908,/mnt/Internal/ASR/./aishell/data_aishell/wav/test/S0908/BAC009S0908W0155.wav,/mnt/Internal/ASR/./aishell/data_aishell/wav/test/S0908/BAC009S0908W0171.wav,0.9101441995179127
S0908,/mnt/Internal/ASR/./aishell/data_aishell/wav/test/S0908/BAC009S0908W0211.wav,/mnt/Internal/ASR/./aishell/data_aishell/wav/test/S0908/BAC009S0908W0143.wav,0.8880176022370547
S0908,/mnt/Internal/ASR/./aishell/data_aishell/wav/test/S0908/BAC009S0908W0176.wav,/mnt/Internal/ASR/./aishell/data_aishell/wav/test/S0908/BAC009S0908W0122.wav,0.8642812854212143
S0908,/mnt/Internal/ASR/./aishell/data_aishell/wav/test/S0908/BAC009S0908W0246.wav,/mnt/Internal/ASR/./aishell/data_aishell/wav/test/S0908/BAC009S0908W0214.wav,0.8483877603750586
S0908,/mnt/Internal/ASR/./aishell/data_aishell/wav/test/S0908/BAC009S0908W0245.wav,/mnt/Internal/ASR/./aishell/data_aishell/wav/test/S0908/BAC009S0908W0231.wav,0.9236435611963637
S0908,/mnt/Internal/ASR/./aishell/data_aishell/wav/test/S0908/BAC009S0908W0214.wav,/mnt/Internal/ASR/./aishell/data_aishell/wav/test/S0908/BAC009S0908W0243.wav,0.843436094615298
S0908,/mnt/Internal/ASR/./aishell/data_aishell/wav/test/S0908/BAC009S0908W0135.wav,/mnt/Internal/ASR/./aishell/data_aishell/wav/test/S0908/BAC009S0908W0168.wav,0.8948708824438694
S0908,/mnt/Internal/ASR/./aishell/data_aishell/wav/test/S0908/BAC009S0908W0134.wav,/mnt/Internal/ASR/./aishell/data_aishell/wav/test/S0908/BAC009S0908W0188.wav,0.8416048016504992
S0908,/mnt/Internal/ASR/./aishell/data_aishell/wav/test/S0908/BAC009S0908W0128.wav,/mnt/Internal/ASR/./aishell/data_aishell/wav/test/S0908/BAC009S0908W0196.wav,0.8539332692348736
S0908,/mnt/Internal/ASR/./aishell/data_aishell/wav/test/S0908/BAC009S0908W0178.wav,/mnt/Internal/ASR/./aishell/data_aishell/wav/test/S0908/BAC009S0908W0246.wav,0.8797114129854333
S0908,/mnt/Internal/ASR/./aishell/data_aishell/wav/test/S0908/BAC009S0908W0134.wav,/mnt/Internal/ASR/./aishell/data_aishell/wav/test/S0908/BAC009S0908W0182.wav,0.8523250614812463
S0908,/mnt/Internal/ASR/./aishell/data_aishell/wav/test/S0908/BAC009S0908W0174.wav,/mnt/Internal/ASR/./aishell/data_aishell/wav/test/S0908/BAC009S0908W0152.wav,0.8881310665098373
S0908,/mnt/Internal/ASR/./aishell/data_aishell/wav/test/S0908/BAC009S0908W0173.wav,/mnt/Internal/ASR/./aishell/data_aishell/wav/test/S0908/BAC009S0908W0226.wav,0.8228066534550837
S0908,/mnt/Internal/ASR/./aishell/data_aishell/wav/test/S0908/BAC009S0908W0214.wav,/mnt/Internal/ASR/./aishell/data_aishell/wav/test/S0908/BAC009S0908W0188.wav,0.8808201976456577
S0908,/mnt/Internal/ASR/./aishell/data_aishell/wav/test/S0908/BAC009S0908W0244.wav,/mnt/Internal/ASR/./aishell/data_aishell/wav/test/S0908/BAC009S0908W0185.wav,0.868066062678178
S0908,/mnt/Internal/ASR/./aishell/data_aishell/wav/test/S0908/BAC009S0908W0245.wav,/mnt/Internal/ASR/./aishell/data_aishell/wav/test/S0908/BAC009S0908W0130.wav,0.8215529340275342
S0908,/mnt/Internal/ASR/./aishell/data_aishell/wav/test/S0908/BAC009S0908W0156.wav,/mnt/Internal/ASR/./aishell/data_aishell/wav/test/S0908/BAC009S0908W0155.wav,0.8704613559210043
S0908,/mnt/Internal/ASR/./aishell/data_aishell/wav/test/S0908/BAC009S0908W0211.wav,/mnt/Internal/ASR/./aishell/data_aishell/wav/test/S0908/BAC009S0908W0149.wav,0.8718337325271017
S0767,/mnt/Internal/ASR/./aishell/data_aishell/wav/test/S0767/BAC009S0767W0156.wav,/mnt/Internal/ASR/./aishell/data_aishell/wav/test/S0767/BAC009S0767W0458.wav,0.8790708271967408
S0767,/mnt/Internal/ASR/./aishell/data_aishell/wav/test/S0767/BAC009S0767W0195.wav,/mnt/Internal/ASR/./aishell/data_aishell/wav/test/S0767/BAC009S0767W0131.wav,0.8714989812985433
S0767,/mnt/Internal/ASR/./aishell/data_aishell/wav/test/S0767/BAC009S0767W0437.wav,/mnt/Internal/ASR/./aishell/data_aishell/wav/test/S0767/BAC009S0767W0254.wav,0.8748284643622182
S0767,/mnt/Internal/ASR/./aishell/data_aishell/wav/test/S0767/BAC009S0767W0177.wav,/mnt/Internal/ASR/./aishell/data_aishell/wav/test/S0767/BAC009S0767W0195.wav,0.9054241342569923
S0767,/mnt/Internal/ASR/./aishell/data_aishell/wav/test/S0767/BAC009S0767W0152.wav,/mnt/Internal/ASR/./aishell/data_aishell/wav/test/S0767/BAC009S0767W0169.wav,0.9062307078966169
S0767,/mnt/Internal/ASR/./aishell/data_aishell/wav/test/S0767/BAC009S0767W0159.wav,/mnt/Internal/ASR/./aishell/data_aishell/wav/test/S0767/BAC009S0767W0130.wav,0.8262514792695916
S0767,/mnt/Internal/ASR/./aishell/data_aishell/wav/test/S0767/BAC009S0767W0265.wav,/mnt/Internal/ASR/./aishell/data_aishell/wav/test/S0767/BAC009S0767W0466.wav,0.8713547834129939
S0767,/mnt/Internal/ASR/./aishell/data_aishell/wav/test/S0767/BAC009S0767W0190.wav,/mnt/Internal/ASR/./aishell/data_aishell/wav/test/S0767/BAC009S0767W0170.wav,0.8577218586817815
S0767,/mnt/Internal/ASR/./aishell/data_aishell/wav/test/S0767/BAC009S0767W0183.wav,/mnt/Internal/ASR/./aishell/data_aishell/wav/test/S0767/BAC009S0767W0180.wav,0.8762198138910091
S0767,/mnt/Internal/ASR/./aishell/data_aishell/wav/test/S0767/BAC009S0767W0151.wav,/mnt/Internal/ASR/./aishell/data_aishell/wav/test/S0767/BAC009S0767W0134.wav,0.8789571182375325
S0767,/mnt/Internal/ASR/./aishell/data_aishell/wav/test/S0767/BAC009S0767W0176.wav,/mnt/Internal/ASR/./aishell/data_aishell/wav/test/S0767/BAC009S0767W0158.wav,0.909502584370421
S0767,/mnt/Internal/ASR/./aishell/data_aishell/wav/test/S0767/BAC009S0767W0452.wav,/mnt/Internal/ASR/./aishell/data_aishell/wav/test/S0767/BAC009S0767W0445.wav,0.8862256255163327
S0767,/mnt/Internal/ASR/./aishell/data_aishell/wav/test/S0767/BAC009S0767W0181.wav,/mnt/Internal/ASR/./aishell/data_aishell/wav/test/S0767/BAC009S0767W0160.wav,0.8694203922659635
S0767,/mnt/Internal/ASR/./aishell/data_aishell/wav/test/S0767/BAC009S0767W0151.wav,/mnt/Internal/ASR/./aishell/data_aishell/wav/test/S0767/BAC009S0767W0204.wav,0.9084005654973233
S0767,/mnt/Internal/ASR/./aishell/data_aishell/wav/test/S0767/BAC009S0767W0207.wav,/mnt/Internal/ASR/./aishell/data_aishell/wav/test/S0767/BAC009S0767W0200.wav,0.8750747454617216
S0767,/mnt/Internal/ASR/./aishell/data_aishell/wav/test/S0767/BAC009S0767W0147.wav,/mnt/Internal/ASR/./aishell/data_aishell/wav/test/S0767/BAC009S0767W0232.wav,0.8696482134635307
S0767,/mnt/Internal/ASR/./aishell/data_aishell/wav/test/S0767/BAC009S0767W0152.wav,/mnt/Internal/ASR/./aishell/data_aishell/wav/test/S0767/BAC009S0767W0122.wav,0.8928379634041183
S0767,/mnt/Internal/ASR/./aishell/data_aishell/wav/test/S0767/BAC009S0767W0206.wav,/mnt/Internal/ASR/./aishell/data_aishell/wav/test/S0767/BAC009S0767W0134.wav,0.8380665406059494
S0767,/mnt/Internal/ASR/./aishell/data_aishell/wav/test/S0767/BAC009S0767W0159.wav,/mnt/Internal/ASR/./aishell/data_aishell/wav/test/S0767/BAC009S0767W0203.wav,0.8413085987617188
S0767,/mnt/Internal/ASR/./aishell/data_aishell/wav/test/S0767/BAC009S0767W0160.wav,/mnt/Internal/ASR/./aishell/data_aishell/wav/test/S0767/BAC009S0767W0458.wav,0.8565237147788021
S0913,/mnt/Internal/ASR/./aishell/data_aishell/wav/test/S0913/BAC009S0913W0128.wav,/mnt/Internal/ASR/./aishell/data_aishell/wav/test/S0913/BAC009S0913W0199.wav,0.8048609176721122
S0913,/mnt/Internal/ASR/./aishell/data_aishell/wav/test/S0913/BAC009S0913W0127.wav,/mnt/Internal/ASR/./aishell/data_aishell/wav/test/S0913/BAC009S0913W0214.wav,0.7531700129479106
S0913,/mnt/Internal/ASR/./aishell/data_aishell/wav/test/S0913/BAC009S0913W0129.wav,/mnt/Internal/ASR/./aishell/data_aishell/wav/test/S0913/BAC009S0913W0163.wav,0.7321478753090391
S0913,/mnt/Internal/ASR/./aishell/data_aishell/wav/test/S0913/BAC009S0913W0236.wav,/mnt/Internal/ASR/./aishell/data_aishell/wav/test/S0913/BAC009S0913W0126.wav,0.7765183235537488
S0913,/mnt/Internal/ASR/./aishell/data_aishell/wav/test/S0913/BAC009S0913W0194.wav,/mnt/Internal/ASR/./aishell/data_aishell/wav/test/S0913/BAC009S0913W0233.wav,0.8208269766882881
S0913,/mnt/Internal/ASR/./aishell/data_aishell/wav/test/S0913/BAC009S0913W0178.wav,/mnt/Internal/ASR/./aishell/data_aishell/wav/test/S0913/BAC009S0913W0211.wav,0.8246333824527754
S0913,/mnt/Internal/ASR/./aishell/data_aishell/wav/test/S0913/BAC009S0913W0127.wav,/mnt/Internal/ASR/./aishell/data_aishell/wav/test/S0913/BAC009S0913W0130.wav,0.8660636181078891
S0913,/mnt/Internal/ASR/./aishell/data_aishell/wav/test/S0913/BAC009S0913W0178.wav,/mnt/Internal/ASR/./aishell/data_aishell/wav/test/S0913/BAC009S0913W0186.wav,0.8451083509116525
S0913,/mnt/Internal/ASR/./aishell/data_aishell/wav/test/S0913/BAC009S0913W0173.wav,/mnt/Internal/ASR/./aishell/data_aishell/wav/test/S0913/BAC009S0913W0206.wav,0.7202182712820498
S0913,/mnt/Internal/ASR/./aishell/data_aishell/wav/test/S0913/BAC009S0913W0233.wav,/mnt/Internal/ASR/./aishell/data_aishell/wav/test/S0913/BAC009S0913W0227.wav,0.7971524091010298
S0913,/mnt/Internal/ASR/./aishell/data_aishell/wav/test/S0913/BAC009S0913W0123.wav,/mnt/Internal/ASR/./aishell/data_aishell/wav/test/S0913/BAC009S0913W0259.wav,0.7532788079159352
S0913,/mnt/Internal/ASR/./aishell/data_aishell/wav/test/S0913/BAC009S0913W0275.wav,/mnt/Internal/ASR/./aishell/data_aishell/wav/test/S0913/BAC009S0913W0218.wav,0.7311701131930783
S0913,/mnt/Internal/ASR/./aishell/data_aishell/wav/test/S0913/BAC009S0913W0236.wav,/mnt/Internal/ASR/./aishell/data_aishell/wav/test/S0913/BAC009S0913W0239.wav,0.8787123723315141
S0913,/mnt/Internal/ASR/./aishell/data_aishell/wav/test/S0913/BAC009S0913W0192.wav,/mnt/Internal/ASR/./aishell/data_aishell/wav/test/S0913/BAC009S0913W0240.wav,0.7527581680893161
S0913,/mnt/Internal/ASR/./aishell/data_aishell/wav/test/S0913/BAC009S0913W0185.wav,/mnt/Internal/ASR/./aishell/data_aishell/wav/test/S0913/BAC009S0913W0211.wav,0.8458828091530909
S0913,/mnt/Internal/ASR/./aishell/data_aishell/wav/test/S0913/BAC009S0913W0229.wav,/mnt/Internal/ASR/./aishell/data_aishell/wav/test/S0913/BAC009S0913W0209.wav,0.8869399917586147
S0913,/mnt/Internal/ASR/./aishell/data_aishell/wav/test/S0913/BAC009S0913W0218.wav,/mnt/Internal/ASR/./aishell/data_aishell/wav/test/S0913/BAC009S0913W0126.wav,0.7564097056437451
S0913,/mnt/Internal/ASR/./aishell/data_aishell/wav/test/S0913/BAC009S0913W0182.wav,/mnt/Internal/ASR/./aishell/data_aishell/wav/test/S0913/BAC009S0913W0230.wav,0.7466810796479009
S0913,/mnt/Internal/ASR/./aishell/data_aishell/wav/test/S0913/BAC009S0913W0193.wav,/mnt/Internal/ASR/./aishell/data_aishell/wav/test/S0913/BAC009S0913W0189.wav,0.7482190873996807
S0913,/mnt/Internal/ASR/./aishell/data_aishell/wav/test/S0913/BAC009S0913W0182.wav,/mnt/Internal/ASR/./aishell/data_aishell/wav/test/S0913/BAC009S0913W0275.wav,0.73100208304059
S0769,/mnt/Internal/ASR/./aishell/data_aishell/wav/test/S0769/BAC009S0769W0206.wav,/mnt/Internal/ASR/./aishell/data_aishell/wav/test/S0769/BAC009S0769W0146.wav,0.8225623221486081
S0769,/mnt/Internal/ASR/./aishell/data_aishell/wav/test/S0769/BAC009S0769W0211.wav,/mnt/Internal/ASR/./aishell/data_aishell/wav/test/S0769/BAC009S0769W0218.wav,0.7827852394317909
S0769,/mnt/Internal/ASR/./aishell/data_aishell/wav/test/S0769/BAC009S0769W0201.wav,/mnt/Internal/ASR/./aishell/data_aishell/wav/test/S0769/BAC009S0769W0210.wav,0.9077544854031497
S0769,/mnt/Internal/ASR/./aishell/data_aishell/wav/test/S0769/BAC009S0769W0219.wav,/mnt/Internal/ASR/./aishell/data_aishell/wav/test/S0769/BAC009S0769W0169.wav,0.8796527508785914
S0769,/mnt/Internal/ASR/./aishell/data_aishell/wav/test/S0769/BAC009S0769W0238.wav,/mnt/Internal/ASR/./aishell/data_aishell/wav/test/S0769/BAC009S0769W0175.wav,0.8507365816268339
S0769,/mnt/Internal/ASR/./aishell/data_aishell/wav/test/S0769/BAC009S0769W0290.wav,/mnt/Internal/ASR/./aishell/data_aishell/wav/test/S0769/BAC009S0769W0229.wav,0.8668654055864987
S0769,/mnt/Internal/ASR/./aishell/data_aishell/wav/test/S0769/BAC009S0769W0241.wav,/mnt/Internal/ASR/./aishell/data_aishell/wav/test/S0769/BAC009S0769W0167.wav,0.8656244764508194
S0769,/mnt/Internal/ASR/./aishell/data_aishell/wav/test/S0769/BAC009S0769W0189.wav,/mnt/Internal/ASR/./aishell/data_aishell/wav/test/S0769/BAC009S0769W0151.wav,0.867022002659062
S0769,/mnt/Internal/ASR/./aishell/data_aishell/wav/test/S0769/BAC009S0769W0190.wav,/mnt/Internal/ASR/./aishell/data_aishell/wav/test/S0769/BAC009S0769W0173.wav,0.8914920818222362
S0769,/mnt/Internal/ASR/./aishell/data_aishell/wav/test/S0769/BAC009S0769W0233.wav,/mnt/Internal/ASR/./aishell/data_aishell/wav/test/S0769/BAC009S0769W0156.wav,0.8774152525123153
S0769,/mnt/Internal/ASR/./aishell/data_aishell/wav/test/S0769/BAC009S0769W0229.wav,/mnt/Internal/ASR/./aishell/data_aishell/wav/test/S0769/BAC009S0769W0295.wav,0.8276142329473835
S0769,/mnt/Internal/ASR/./aishell/data_aishell/wav/test/S0769/BAC009S0769W0186.wav,/mnt/Internal/ASR/./aishell/data_aishell/wav/test/S0769/BAC009S0769W0299.wav,0.8566947870594412
S0769,/mnt/Internal/ASR/./aishell/data_aishell/wav/test/S0769/BAC009S0769W0188.wav,/mnt/Internal/ASR/./aishell/data_aishell/wav/test/S0769/BAC009S0769W0144.wav,0.8873298293229469
S0769,/mnt/Internal/ASR/./aishell/data_aishell/wav/test/S0769/BAC009S0769W0212.wav,/mnt/Internal/ASR/./aishell/data_aishell/wav/test/S0769/BAC009S0769W0150.wav,0.8311719975883195
S0769,/mnt/Internal/ASR/./aishell/data_aishell/wav/test/S0769/BAC009S0769W0221.wav,/mnt/Internal/ASR/./aishell/data_aishell/wav/test/S0769/BAC009S0769W0223.wav,0.8849661678734221
S0769,/mnt/Internal/ASR/./aishell/data_aishell/wav/test/S0769/BAC009S0769W0215.wav,/mnt/Internal/ASR/./aishell/data_aishell/wav/test/S0769/BAC009S0769W0210.wav,0.8532943021615826
S0769,/mnt/Internal/ASR/./aishell/data_aishell/wav/test/S0769/BAC009S0769W0205.wav,/mnt/Internal/ASR/./aishell/data_aishell/wav/test/S0769/BAC009S0769W0183.wav,0.8449879712274904
S0769,/mnt/Internal/ASR/./aishell/data_aishell/wav/test/S0769/BAC009S0769W0211.wav,/mnt/Internal/ASR/./aishell/data_aishell/wav/test/S0769/BAC009S0769W0197.wav,0.8763443535818083
S0769,/mnt/Internal/ASR/./aishell/data_aishell/wav/test/S0769/BAC009S0769W0207.wav,/mnt/Internal/ASR/./aishell/data_aishell/wav/test/S0769/BAC009S0769W0190.wav,0.854163438328939
S0769,/mnt/Internal/ASR/./aishell/data_aishell/wav/test/S0769/BAC009S0769W0188.wav,/mnt/Internal/ASR/./aishell/data_aishell/wav/test/S0769/BAC009S0769W0300.wav,0.8335531741032927
S0768,/mnt/Internal/ASR/./aishell/data_aishell/wav/test/S0768/BAC009S0768W0195.wav,/mnt/Internal/ASR/./aishell/data_aishell/wav/test/S0768/BAC009S0768W0202.wav,0.904726966831847
S0768,/mnt/Internal/ASR/./aishell/data_aishell/wav/test/S0768/BAC009S0768W0229.wav,/mnt/Internal/ASR/./aishell/data_aishell/wav/test/S0768/BAC009S0768W0381.wav,0.7894751224914816
S0768,/mnt/Internal/ASR/./aishell/data_aishell/wav/test/S0768/BAC009S0768W0265.wav,/mnt/Internal/ASR/./aishell/data_aishell/wav/test/S0768/BAC009S0768W0272.wav,0.8948415620847237
S0768,/mnt/Internal/ASR/./aishell/data_aishell/wav/test/S0768/BAC009S0768W0215.wav,/mnt/Internal/ASR/./aishell/data_aishell/wav/test/S0768/BAC009S0768W0213.wav,0.9290062265278469
S0768,/mnt/Internal/ASR/./aishell/data_aishell/wav/test/S0768/BAC009S0768W0189.wav,/mnt/Internal/ASR/./aishell/data_aishell/wav/test/S0768/BAC009S0768W0244.wav,0.8690501967914588
S0768,/mnt/Internal/ASR/./aishell/data_aishell/wav/test/S0768/BAC009S0768W0192.wav,/mnt/Internal/ASR/./aishell/data_aishell/wav/test/S0768/BAC009S0768W0269.wav,0.9231534624961493
S0768,/mnt/Internal/ASR/./aishell/data_aishell/wav/test/S0768/BAC009S0768W0197.wav,/mnt/Internal/ASR/./aishell/data_aishell/wav/test/S0768/BAC009S0768W0222.wav,0.9258847393724032
S0768,/mnt/Internal/ASR/./aishell/data_aishell/wav/test/S0768/BAC009S0768W0378.wav,/mnt/Internal/ASR/./aishell/data_aishell/wav/test/S0768/BAC009S0768W0255.wav,0.8456212374962756
S0768,/mnt/Internal/ASR/./aishell/data_aishell/wav/test/S0768/BAC009S0768W0242.wav,/mnt/Internal/ASR/./aishell/data_aishell/wav/test/S0768/BAC009S0768W0395.wav,0.8382680132106676
S0768,/mnt/Internal/ASR/./aishell/data_aishell/wav/test/S0768/BAC009S0768W0216.wav,/mnt/Internal/ASR/./aishell/data_aishell/wav/test/S0768/BAC009S0768W0273.wav,0.8745225154285282
S0768,/mnt/Internal/ASR/./aishell/data_aishell/wav/test/S0768/BAC009S0768W0188.wav,/mnt/Internal/ASR/./aishell/data_aishell/wav/test/S0768/BAC009S0768W0199.wav,0.9337465925555082
S0768,/mnt/Internal/ASR/./aishell/data_aishell/wav/test/S0768/BAC009S0768W0392.wav,/mnt/Internal/ASR/./aishell/data_aishell/wav/test/S0768/BAC009S0768W0176.wav,0.731408005955872
S0768,/mnt/Internal/ASR/./aishell/data_aishell/wav/test/S0768/BAC009S0768W0239.wav,/mnt/Internal/ASR/./aishell/data_aishell/wav/test/S0768/BAC009S0768W0378.wav,0.9049098684608267
S0768,/mnt/Internal/ASR/./aishell/data_aishell/wav/test/S0768/BAC009S0768W0233.wav,/mnt/Internal/ASR/./aishell/data_aishell/wav/test/S0768/BAC009S0768W0284.wav,0.8740368643945413
S0768,/mnt/Internal/ASR/./aishell/data_aishell/wav/test/S0768/BAC009S0768W0216.wav,/mnt/Internal/ASR/./aishell/data_aishell/wav/test/S0768/BAC009S0768W0255.wav,0.8721117740108488
S0768,/mnt/Internal/ASR/./aishell/data_aishell/wav/test/S0768/BAC009S0768W0182.wav,/mnt/Internal/ASR/./aishell/data_aishell/wav/test/S0768/BAC009S0768W0206.wav,0.8374275240636233
S0768,/mnt/Internal/ASR/./aishell/data_aishell/wav/test/S0768/BAC009S0768W0446.wav,/mnt/Internal/ASR/./aishell/data_aishell/wav/test/S0768/BAC009S0768W0210.wav,0.8383395745667349
S0768,/mnt/Internal/ASR/./aishell/data_aishell/wav/test/S0768/BAC009S0768W0185.wav,/mnt/Internal/ASR/./aishell/data_aishell/wav/test/S0768/BAC009S0768W0254.wav,0.8677539255586453
S0768,/mnt/Internal/ASR/./aishell/data_aishell/wav/test/S0768/BAC009S0768W0189.wav,/mnt/Internal/ASR/./aishell/data_aishell/wav/test/S0768/BAC009S0768W0185.wav,0.8786708796783069
S0768,/mnt/Internal/ASR/./aishell/data_aishell/wav/test/S0768/BAC009S0768W0265.wav,/mnt/Internal/ASR/./aishell/data_aishell/wav/test/S0768/BAC009S0768W0250.wav,0.906785762420742
